obf_true,ai_name,confidence,apply,role,domain,opcode,rationale
yh,AchievementMessageHandler,high,1,Handler,Achievement,,refs=[NetworkMessage UiEventBus] strs=[selectedAchievementType | selectedAchievementSubtype | selectedAchievement]
A,AchievementMessageHandler,high,1,Handler,Achievement,,refs=[NetworkMessage UiEventBus] strs=[achievementDialog]
Qg,ActorMessageHandler,high,1,Handler,Actor,,refs=[ActorAppearMessage ActorDisapearMessage ActorMovementMessage ActorRepositionMessage] strs=[AnimStatique02 | AnimHit | AnimHit02]
NO,ActorMessageHandler,high,1,Handler,Actor,,refs=[ActorDespawnMessage ActorMovementMessage ActorSpawnMessage ActorTeleportsMessage] strs=[Pas de chemin trouv\u00e9 pour le chemin de l'acteur distant : on le t\u00e9l\u00e9porte | Impossible de d
alD,CalendarMessage17008,high,1,Message,Calendar,17008,"refs=[OutputOnlyProxyMessage] strs=[Attention ! Pour ajouter deux \u00e9v\u00e8nements li\u00e9s, il faut utiliser la m\u00e9thode addDurationCalendarEvent !]"
zB,CalendarMessageHandler,high,1,Handler,Calendar,,refs=[NetworkMessage] strs=[calendarDialog | calendar | dofusarena.calendar]
GO,ChatMessage16385,high,1,Message,Chat,16385,refs=[UiEventBus] strs=[Erreur lors d'un checkOut sur un message de type UIChatOperationMessage : | UTF-8]
oM,ChatMessageHandler,high,1,Handler,Chat,,refs=[ChannelContentMessage ChannelFlagsMessage ChannelJoinMessage ChannelLeaveMessage] strs=[chat.notify.addFriend | error.chat.userNotFound | chat.notify.removeFriend]
QU,ChatMessageHandler,high,1,Handler,Chat,,refs=[AddFriendMessage AddIgnoreMessage NetworkMessage OutputOnlyProxyMessage] strs=[socialDialog | dofusarena.social | guildManagementDialog]
wP,ChatMessageHandler,high,1,Handler,Chat,,refs=[CoachActorMovementRequestMessage NetworkMessage] strs=[coachCanMove | chat.addToFriendList | chat.removeFromFriendList]
aAp,ChatMessageHandler,high,1,Handler,Chat,,refs=[NetworkMessage] strs=[chat.isMaximize | chat.selectedView | chat.dialogView]
PQ,CoachMessageHandler,high,1,Handler,Coach,,refs=[CoachCreationResultMessage CoachInformationsMessage NetworkMessage PlayerStatisticsReportMessage] strs=[error.coachCreation.invalidName | error.coachCreation | guildCanAffiliate]
aoG,CoachMessageHandler,high,1,Handler,Coach,,refs=[EnterInstanceMessage NetworkMessage] strs=[currentInstanceId | map | common]
ajo,CoachMessageHandler,high,1,Handler,Coach,,refs=[NetworkMessage] strs=[replayMode | singleCardData | fightResultSubstitutesDetailsDialog]
RB,CoachMessageHandler,high,1,Handler,Coach,,refs=[CoachEquipmentUpdateMessage CoachInventoryUpdateMessage NetworkMessage] strs=[graveyardDialog | evolutionDialog]
mG,CoachMessageHandler,high,1,Handler,Coach,,refs=[NetworkMessage] strs=[fireworkDialog | dofusarena.firework | fireworkLauncher]
tn,CoachMessageHandler,high,1,Handler,Coach,,refs=[NetworkMessage] strs=[actorDirection | dofusarena.coachManagement]
HM,CoachMessageHandler,high,1,Handler,Coach,,refs=[NetworkMessage] strs=[coachStatisticsDialog]
lo,CombatMessage106,high,1,Message,Combat,106,refs=[InputOnlyProxyMessage] strs=[bytes restant dans le buffer (2 requis) | bytes restant dans le buffer ( | requis)]
of,CombatMessageHandler,high,1,Handler,Combat,,refs=[CloseCombatMessage EffectAreaActionMessage FighterCardUseMessage FighterChangeDirectionMessage] strs=[Impossible d'instancier un runningEffect : | inconnu | hasBuff]
NB,CombatMessageHandler,high,1,Handler,Combat,,refs=[CreateFighterInformationRequestMessage NetworkMessage UiEventBus UpdateFighterInventoryRequestMessage] strs=[teamManagement.selectedItemCardListType | availableFighterCards | error.teamManagemen
azL,CombatMessageHandler,high,1,Handler,Combat,,refs=[FighterActorDirectionChangeRequestMessage MoveToFreePlacementRequestMessage NetworkMessage TeamMateSetReadyForObservationRequestMessage] strs=[fight.timeline.currentFighter | fighterControlsDial
WE,CombatMessageHandler,high,1,Handler,Combat,,refs=[EndFightMessage FighterDiesMessage NetworkMessage] strs=[fight.standingWon | coachLevelUpDialog | Death]
DO,CombatMessageHandler,high,1,Handler,Combat,,refs=[FightCreationMessage NetworkMessage] strs=[enteringTimeChallenge | Fight est null dans le StartFightMessage ! | Erreur \u00e0 la cr\u00e9ation du combat (]
Qn,CombatMessageHandler,high,1,Handler,Combat,,refs=[FighterChangeDirectionMessage MoveToFreePlacementMessage NetworkMessage TeamMateSetReadyForObservationMessage] strs=[Le fighter | est inconnu ! | waitingForOpponents]
aNx,CombatMessageHandler,high,1,Handler,Combat,,refs=[FighterActorDirectionChangeRequestMessage FighterEndTurnRequestMessage NetworkMessage] strs=[fight.endTurnState | singleCardData | singleCardDialog]
afb,CombatMessageHandler,high,1,Handler,Combat,,refs=[NetworkMessage] strs=[sphereboard.selectedSphere | sphereboard.sphereSpell | sphereboard.selectedCard]
akS,CombatMessageHandler,high,1,Handler,Combat,,refs=[NetworkMessage] strs=[dofusarena.graveyard | graveyardDialog | coachManagement.selectedCard]
avu,CombatMessageHandler,high,1,Handler,Combat,,refs=[NetworkMessage] strs=[question.giveUpFight | fight.timeline.selectedFighter | fighterInformationsDialog]
S,CombatMessageHandler,high,1,Handler,Combat,,refs=[FighterActorMovementRequestMessage NetworkMessage] strs=[]
apN,ConnectionMessageHandler,high,1,Handler,Connection,,refs=[ClientAuthenticationMessage ClientVersionMessage DisconnectionNotificationMessage NetworkMessage] strs=[connectionRetryCount | connectionRetryDelay | Impossible de d\u00e9finit les param\u00e8tr
by,ConnectionMessageHandler,high,1,Handler,Connection,,refs=[NetworkMessage ResultMessage] strs=[logonDialog | account.remember | account.name]
NZ,ConnectionMessageHandler,high,1,Handler,Connection,,refs=[LoginMessage NetworkMessage ReconnectionTicketMessage_1 ReconnectionTicketRequestMessage] strs=[User auth : l= | seb | pass]
aLz,ConnectionMessageHandler,high,1,Handler,Connection,,refs=[InvalidClientVersionMessage NetworkMessage ReconnectionTicketMessage ReconnectionTicketRequestResultMessage] strs=[Reco impossible | Type de message inconnu]
Yy,ConnectionMessageHandler,high,1,Handler,Connection,,refs=[NetworkMessage] strs=[logon.progress | gameNotTranslated | replayMode]
Vr,ExchangeMessage16801,high,1,Message,Exchange,16801,refs=[UiEventBus] strs=[Erreur lors d'un checkOut sur un message de type UIExchangeInvitationAcceptRequestMessage :]
aMQ,ExchangeMessageHandler,high,1,Handler,Exchange,,refs=[ItemExchangeAddCardMessage ItemExchangeCardAddedMessage ItemExchangeEndMessage ItemExchangeSetReadyMessage] strs=[coachManagement.currentSet | error.exchange.linkedCard | error.exchange.tooMuchC
CP,ExchangeMessageHandler,high,1,Handler,Exchange,,refs=[NetworkMessage] strs=[fusionTrade | fusionSuccess | fusionRecipeFailed]
PG,ExchangeMessageHandler,high,1,Handler,Exchange,,refs=[ItemExchangeCardRemovedMessage ItemExchangeUserReadyMessage NetworkMessage] strs=[error.exchange.uniqueCardAlreadyExists | error.exchange.linkedCard]
lg,ExchangeMessageHandler,high,1,Handler,Exchange,,refs=[ItemExchangeInvitationAnswerMessage ItemExchangeInvitationMessage NetworkMessage] strs=[menuBar.tutorialButton]
Kv,ExchangeMessageHandler,high,1,Handler,Exchange,,refs=[NetworkMessage] strs=[cardMasterTrade | cannotOpenUIWhenSearchingFight | cardmaster.exchange.successfull]
aBv,ExchangeMessageHandler,high,1,Handler,Exchange,,refs=[ItemExchangeInvitationAnswerMessage NetworkMessage] strs=[]
LH,GuildMessageHandler,high,1,Handler,Guild,,refs=[NetworkMessage] strs=[guildCanAffiliate | guild | guild.creationSuccessfull]
aef,GuildMessageHandler,high,1,Handler,Guild,,refs=[NetworkMessage] strs=[guildDialog | guildCreationDialog | guild.error.alreadyGuildMember]
zN,GuildMessageHandler,high,1,Handler,Guild,,refs=[NetworkMessage] strs=[achievementUnlocked | infos.newMails | infos.guildCreated]
au,GuildMessageHandler,high,1,Handler,Guild,,refs=[NetworkMessage] strs=[guild | guildCanAffiliate | ladderInformation.demon]
aFl,LadderMessageHandler,high,1,Handler,Ladder,,refs=[NetworkMessage] strs=[ladderManager | ladderPlayerSearchButtonVisible | list1vs1]
aHg,LadderMessageHandler,high,1,Handler,Ladder,,refs=[NetworkMessage] strs=[ladderInformationDialog | demonAffiliationDialog]
agq,MatchmakingMessageHandler,high,1,Handler,Matchmaking,,refs=[NetworkMessage OpponentSearchCancelMessage OpponentSearchRequestMessage UiEventBus] strs=[dofusarena.randomFightSearch | randomFightCreationDialog | randomFightSearchStatusDialog]
Vu,MatchmakingMessageHandler,high,1,Handler,Matchmaking,,refs=[NetworkMessage] strs=[Changement de statut \u00e0 non pr\u00eat | accept\u00e9 | rejet\u00e9]
wp,MatchmakingMessageHandler,high,1,Handler,Matchmaking,,refs=[NetworkMessage] strs=[Changement de statut \u00e0 non pr\u00eat | accept\u00e9 | rejet\u00e9]
fT,MatchmakingMessageHandler,high,1,Handler,Matchmaking,,refs=[NetworkMessage] strs=[xvsxFightInvitation.confirmation | error.fight.creation.canceledByOpponent | opponentSearchConfirmation.request]
jR,MatchmakingMessageHandler,high,1,Handler,Matchmaking,,refs=[NetworkMessage TeamMateSetReadyForPlacementMessage] strs=[waitingForOpponents | Error :]
vV,MatchmakingMessageHandler,high,1,Handler,Matchmaking,,refs=[NetworkMessage TeamMateSetReadyForActionMessage] strs=[waitingForOpponents | Error :]
wg,MatchmakingMessageHandler,high,1,Handler,Matchmaking,,refs=[NetworkMessage] strs=[error.fight.creation.canceledByOpponent | fight.id | fight.budget]
azS,PartyMessage16802,high,1,Message,Party,16802,refs=[UiEventBus] strs=[Erreur lors d'un checkOut sur un message de type UIRejectFightInvitationRequestMessage :]
uG,PartyMessageHandler,high,1,Handler,Party,,refs=[ItemExchangeInvitationConfirmationMessage ItemExchangeInvitationMessage NetworkMessage] strs=[exchange.invitation.canceled | teamManagement.createXvsXInvitation | teamManagement.cancelXvsXTeamCr
yq,PartyMessageHandler,high,1,Handler,Party,,refs=[NetworkMessage] strs=[enterSpectatorMode | fightInvitation.training | exchange.invitation]
aop,PropertyMessageHandler,high,1,Handler,Property,,refs=[NetworkMessage PropertyItemMessage PropertyQueryMessage] strs=[Exception lev\u00e9e lors de l'appel \u00e0 la commande d'admin : | Exception | AdminFrame.sendMonitoredProoperty(stringIndex=]
DX,TeamMessageHandler,high,1,Handler,Team,,refs=[CreationFighterInformationMessage DeletionFighterInformationMessage DeletionTeamPresetMessage FighterInformationListMessage] strs=[fighterCreationDialog | fighterEquipmentDialog | teamManagement
Ce,TeamMessageHandler,high,1,Handler,Team,,refs=[CreationFighterInformationMessage DeletionFighterInformationMessage FighterInformationListMessage NetworkMessage] strs=[loading | evolutionDialog | evolutionTeamManagementTuto2Dialog]
hU,TeamMessageHandler,high,1,Handler,Team,,refs=[CreateFighterInformationRequestMessage NetworkMessage SaveTeamPresetRequestMessage UiEventBus] strs=[defaultFightProfile | teamManagement.editableTeamPreset | error.teamManagement.noTeamSelected
adi,TeamMessageHandler,high,1,Handler,Team,,refs=[FighterInformationListMessage NetworkMessage TeamPresetListMessage TeamPresetListRequestMessage] strs=[loading | graveyardDialog]
asA,TeamMessageHandler,high,1,Handler,Team,,refs=[NetworkMessage] strs=[tooltipDialog | tooltip.content | tooltipTutoDialog]
aOW,TeamMessageHandler,high,1,Handler,Team,,refs=[CreateFighterInformationRequestMessage DeleteFighterInformationRequestMessage OutputOnlyProxyMessage] strs=[teamLoadDialog | fileLoaded]
adD,TeamMessageHandler,high,1,Handler,Team,,refs=[NetworkMessage] strs=[Impossible de sauvegerde les statistiques de coach si aucun coach local n'est d\u00e9fini ! | teamManagement.teamPreset1vs1List | teamManagement.teamPreset2vs2List]
asE,TournamentMessage20072,high,1,Message,Tournament,20072,refs=[UiEventBus] strs=[Erreur lors d'un checkOut sur un message de type UITournamentCreationRequestMessage :]
oz,TournamentMessageHandler,high,1,Handler,Tournament,,refs=[NetworkMessage UiEventBus] strs=[selectedTournamentEvent | totemTournamentDialog | dofusarena.tournaments]
Ds,TournamentMessageHandler,high,1,Handler,Tournament,,refs=[NetworkMessage] strs=[Changement de statut \u00e0 non pr\u00eat | accept\u00e9 | rejet\u00e9]
agz,TournamentMessageHandler,high,1,Handler,Tournament,,refs=[NetworkMessage] strs=[infosDialog | dofusarena.infos | goCheckYourMailbox]
ajp,TournamentMessageHandler,high,1,Handler,Tournament,,"refs=[NetworkMessage] strs=[Les informations du tournoi d'id | n'existent pas ! | Liste des tournois, Id - \""Name\"" : \n\n]"
rX,AdminMessage20,medium,1,Message,,20,refs=[AdminMessageBase] strs=[]
aFC,C2SMessage101,medium,1,Message,,101,refs=[OutputOnlyProxyMessage] strs=[]
asG,C2SMessage107,medium,1,Message,,107,refs=[OutputOnlyProxyMessage] strs=[]
aJs,C2SMessage15000,medium,1,Message,,15000,refs=[OutputOnlyProxyMessage] strs=[]
aDs,C2SMessage15004,medium,1,Message,,15004,refs=[OutputOnlyProxyMessage] strs=[]
aKk,C2SMessage15006,medium,1,Message,,15006,refs=[OutputOnlyProxyMessage] strs=[]
RR,C2SMessage15506,medium,1,Message,,15506,refs=[OutputOnlyProxyMessage] strs=[]
yQ,C2SMessage17002,medium,1,Message,,17002,refs=[OutputOnlyProxyMessage] strs=[]
fu,C2SMessage17004,medium,1,Message,,17004,refs=[OutputOnlyProxyMessage] strs=[]
aGh,C2SMessage17006,medium,1,Message,,17006,refs=[OutputOnlyProxyMessage] strs=[]
aFu,C2SMessage17010,medium,1,Message,,17010,refs=[OutputOnlyProxyMessage] strs=[]
bD,C2SMessage201,medium,1,Message,,201,refs=[OutputOnlyProxyMessage] strs=[]
aNp,C2SMessage22001,medium,1,Message,,22001,refs=[OutputOnlyProxyMessage] strs=[]
nq,C2SMessage22003,medium,1,Message,,22003,refs=[OutputOnlyProxyMessage] strs=[]
axH,C2SMessage22004,medium,1,Message,,22004,refs=[OutputOnlyProxyMessage] strs=[]
Tx,C2SMessage22093,medium,1,Message,,22093,refs=[OutputOnlyProxyMessage] strs=[]
axF,C2SMessage22095,medium,1,Message,,22095,refs=[OutputOnlyProxyMessage] strs=[]
OB,C2SMessage22097,medium,1,Message,,22097,refs=[OutputOnlyProxyMessage] strs=[]
bw,C2SMessage22099,medium,1,Message,,22099,refs=[OutputOnlyProxyMessage] strs=[]
pY,C2SMessage2260,medium,1,Message,,2260,refs=[OutputOnlyProxyMessage] strs=[]
Jc,C2SMessage23000,medium,1,Message,,23000,refs=[OutputOnlyProxyMessage] strs=[]
aBN,C2SMessage23001,medium,1,Message,,23001,refs=[OutputOnlyProxyMessage] strs=[]
ajW,C2SMessage23003,medium,1,Message,,23003,refs=[OutputOnlyProxyMessage] strs=[]
aow,C2SMessage23009,medium,1,Message,,23009,refs=[OutputOnlyProxyMessage] strs=[]
Pg,C2SMessage2308,medium,1,Message,,2308,refs=[OutputOnlyProxyMessage] strs=[]
Bm,C2SMessage23101,medium,1,Message,,23101,refs=[OutputOnlyProxyMessage] strs=[]
atj,C2SMessage23103,medium,1,Message,,23103,refs=[OutputOnlyProxyMessage] strs=[]
acz,C2SMessage23114,medium,1,Message,,23114,refs=[OutputOnlyProxyMessage] strs=[]
aeX,C2SMessage23116,medium,1,Message,,23116,refs=[OutputOnlyProxyMessage] strs=[]
mL,C2SMessage2600,medium,1,Message,,2600,refs=[OutputOnlyProxyMessage] strs=[]
Hk,C2SMessage26301,medium,1,Message,,26301,refs=[OutputOnlyProxyMessage] strs=[]
Bl,C2SMessage26303,medium,1,Message,,26303,refs=[OutputOnlyProxyMessage] strs=[]
vT,C2SMessage26305,medium,1,Message,,26305,refs=[OutputOnlyProxyMessage] strs=[]
mZ,C2SMessage26307,medium,1,Message,,26307,refs=[OutputOnlyProxyMessage] strs=[]
aJu,C2SMessage26313,medium,1,Message,,26313,refs=[OutputOnlyProxyMessage] strs=[]
nV,C2SMessage26321,medium,1,Message,,26321,refs=[OutputOnlyProxyMessage] strs=[]
alV,C2SMessage26330,medium,1,Message,,26330,refs=[OutputOnlyProxyMessage] strs=[]
X,C2SMessage26331,medium,1,Message,,26331,refs=[OutputOnlyProxyMessage] strs=[]
aIw,C2SMessage26334,medium,1,Message,,26334,refs=[OutputOnlyProxyMessage] strs=[]
DP,C2SMessage27500,medium,1,Message,,27500,refs=[OutputOnlyProxyMessage] strs=[]
pC,C2SMessage27502,medium,1,Message,,27502,refs=[OutputOnlyProxyMessage] strs=[]
Vg,C2SMessage27504,medium,1,Message,,27504,refs=[OutputOnlyProxyMessage] strs=[]
qK,C2SMessage27506,medium,1,Message,,27506,refs=[OutputOnlyProxyMessage] strs=[]
aA,C2SMessage27508,medium,1,Message,,27508,refs=[OutputOnlyProxyMessage] strs=[]
aid,C2SMessage27510,medium,1,Message,,27510,refs=[OutputOnlyProxyMessage] strs=[]
ow,C2SMessage27512,medium,1,Message,,27512,refs=[OutputOnlyProxyMessage] strs=[]
Ck,C2SMessage27514,medium,1,Message,,27514,refs=[OutputOnlyProxyMessage] strs=[]
ZZ,C2SMessage27525,medium,1,Message,,27525,refs=[OutputOnlyProxyMessage] strs=[1_AnimStatique | Arme | png]
Gc,C2SMessage27527,medium,1,Message,,27527,refs=[OutputOnlyProxyMessage] strs=[]
bl,C2SMessage27529,medium,1,Message,,27529,refs=[OutputOnlyProxyMessage] strs=[]
aIb,C2SMessage27551,medium,1,Message,,27551,refs=[OutputOnlyProxyMessage] strs=[]
wa,C2SMessage28601,medium,1,Message,,28601,refs=[OutputOnlyProxyMessage] strs=[]
ayQ,C2SMessage28603,medium,1,Message,,28603,refs=[OutputOnlyProxyMessage] strs=[UTF-8]
BI,C2SMessage28605,medium,1,Message,,28605,refs=[OutputOnlyProxyMessage] strs=[]
aGO,C2SMessage28607,medium,1,Message,,28607,refs=[OutputOnlyProxyMessage] strs=[]
Bt,C2SMessage28609,medium,1,Message,,28609,refs=[OutputOnlyProxyMessage] strs=[]
ly,C2SMessage28611,medium,1,Message,,28611,refs=[OutputOnlyProxyMessage] strs=[]
aFG,C2SMessage28617,medium,1,Message,,28617,refs=[OutputOnlyProxyMessage] strs=[]
kx,C2SMessage28633,medium,1,Message,,28633,refs=[OutputOnlyProxyMessage] strs=[]
aeC,C2SMessage28635,medium,1,Message,,28635,refs=[OutputOnlyProxyMessage] strs=[]
alF,C2SMessage28649,medium,1,Message,,28649,refs=[OutputOnlyProxyMessage] strs=[UTF-8]
aFQ,C2SMessage3159,medium,1,Message,,3159,refs=[OutputOnlyProxyMessage] strs=[]
aux,C2SMessage3161,medium,1,Message,,3161,refs=[OutputOnlyProxyMessage] strs=[]
ak,C2SMessage3199,medium,1,Message,,3199,refs=[OutputOnlyProxyMessage] strs=[]
Gs,C2SMessage4512,medium,1,Message,,4512,refs=[OutputOnlyProxyMessage] strs=[]
aII,C2SMessage4514,medium,1,Message,,4514,refs=[OutputOnlyProxyMessage] strs=[]
aae,C2SMessage4517,medium,1,Message,,4517,refs=[OutputOnlyProxyMessage] strs=[]
Ab,C2SMessage4518,medium,1,Message,,4518,refs=[OutputOnlyProxyMessage] strs=[]
aOx,C2SMessage4519,medium,1,Message,,4519,refs=[OutputOnlyProxyMessage] strs=[]
aNV,C2SMessage4523,medium,1,Message,,4523,refs=[OutputOnlyProxyMessage] strs=[]
aiK,C2SMessage4607,medium,1,Message,,4607,refs=[OutputOnlyProxyMessage] strs=[]
JY,C2SMessage4701,medium,1,Message,,4701,refs=[OutputOnlyProxyMessage] strs=[UTF-8]
uq,C2SMessage501,medium,1,Message,,501,refs=[OutputOnlyProxyMessage] strs=[]
cG,C2SMessage503,medium,1,Message,,503,refs=[OutputOnlyProxyMessage] strs=[]
nP,C2SMessage505,medium,1,Message,,505,refs=[OutputOnlyProxyMessage] strs=[]
atM,C2SMessage509,medium,1,Message,,509,refs=[OutputOnlyProxyMessage] strs=[]
awR,C2SMessage511,medium,1,Message,,511,refs=[OutputOnlyProxyMessage] strs=[]
wt,C2SMessage513,medium,1,Message,,513,refs=[OutputOnlyProxyMessage] strs=[]
SH,C2SMessage515,medium,1,Message,,515,refs=[OutputOnlyProxyMessage] strs=[]
auZ,C2SMessage517,medium,1,Message,,517,refs=[OutputOnlyProxyMessage] strs=[]
aDD,C2SMessage519,medium,1,Message,,519,refs=[OutputOnlyProxyMessage] strs=[]
ajm,C2SMessage5204,medium,1,Message,,5204,refs=[OutputOnlyProxyMessage] strs=[]
yg,C2SMessage5300,medium,1,Message,,5300,refs=[OutputOnlyProxyMessage] strs=[]
F,C2SMessage539,medium,1,Message,,539,refs=[OutputOnlyProxyMessage] strs=[]
aOo,C2SMessage5400,medium,1,Message,,5400,refs=[OutputOnlyProxyMessage] strs=[]
Mo,C2SMessage5450,medium,1,Message,,5450,refs=[OutputOnlyProxyMessage] strs=[]
Zu,C2SMessage5470,medium,1,Message,,5470,refs=[OutputOnlyProxyMessage] strs=[]
aHG,C2SMessage5490,medium,1,Message,,5490,refs=[OutputOnlyProxyMessage] strs=[]
MX,C2SMessage551,medium,1,Message,,551,refs=[OutputOnlyProxyMessage] strs=[]
aBO,C2SMessage553,medium,1,Message,,553,refs=[OutputOnlyProxyMessage] strs=[]
Nr,C2SMessage555,medium,1,Message,,555,refs=[OutputOnlyProxyMessage] strs=[]
Ko,C2SMessage557,medium,1,Message,,557,refs=[OutputOnlyProxyMessage] strs=[]
Qp,C2SMessage6013,medium,1,Message,,6013,refs=[OutputOnlyProxyMessage] strs=[]
ir,C2SMessage6024,medium,1,Message,,6024,refs=[OutputOnlyProxyMessage] strs=[]
abB,C2SMessage6026,medium,1,Message,,6026,refs=[OutputOnlyProxyMessage] strs=[]
PU,ProxyMessage0,medium,1,Message,,0,refs=[] strs=[true | false]
Zo,ProxyMessage0,medium,1,Message,,0,refs=[] strs=[true | false]
Fp,ProxyMessage1,medium,1,Message,,1,refs=[NetworkMessage] strs=[]
ajV,ProxyMessage1,medium,1,Message,,1,refs=[] strs=[Erreur lors d'un checkOut sur un message de type StatisticsReportRequestMessage :]
aJZ,ProxyMessage101,medium,1,Message,,101,refs=[] strs=[]
aML,ProxyMessage102,medium,1,Message,,102,refs=[] strs=[]
auQ,ProxyMessage1024,medium,1,Message,,1024,refs=[NetworkMessage] strs=[]
dm,ProxyMessage103,medium,1,Message,,103,refs=[] strs=[]
yt,ProxyMessage16384,medium,1,Message,,16384,refs=[UiEventBus] strs=[]
apm,ProxyMessage16400,medium,1,Message,,16400,refs=[UiEventBus] strs=[]
PV,ProxyMessage16600,medium,1,Message,,16600,refs=[UiEventBus] strs=[]
Db,ProxyMessage16604,medium,1,Message,,16604,refs=[UiEventBus] strs=[]
KD,ProxyMessage16617,medium,1,Message,,16617,refs=[UiEventBus] strs=[]
eV,ProxyMessage16636,medium,1,Message,,16636,refs=[UiEventBus] strs=[]
CX,ProxyMessage19000,medium,1,Message,,19000,refs=[UiEventBus] strs=[]
asg,ProxyMessage19001,medium,1,Message,,19001,refs=[UiEventBus] strs=[]
aqE,ProxyMessage21010,medium,1,Message,,21010,refs=[UiEventBus] strs=[]
fz,ProxyMessage21070,medium,1,Message,,21070,refs=[UiEventBus] strs=[]
ahn,ProxyMessage23051,medium,1,Message,,23051,refs=[UiEventBus] strs=[]
aMo,ProxyMessage23101,medium,1,Message,,23101,refs=[UiEventBus] strs=[]
zI,ProxyMessage23111,medium,1,Message,,23111,refs=[UiEventBus] strs=[]
Co,ProxyMessage24000,medium,1,Message,,24000,refs=[UiEventBus] strs=[]
ado,ProxyMessage30000,medium,1,Message,,30000,refs=[UiEventBus] strs=[Erreur lors d'un checkOut sur un message de type UIWorldSceneMouseReleasedMessage :]
aBu,ProxyMessage30001,medium,1,Message,,30001,refs=[UiEventBus] strs=[Erreur lors d'un checkOut sur un message de type UIWorldSceneMouseMovedMessage :]
acl,ProxyMessage30002,medium,1,Message,,30002,refs=[] strs=[Erreur lors d'un checkOut sur un message de type UIWorldSceneMouseMovedExtendedMessage :]
axZ,ProxyMessage5301,medium,1,Message,,5301,refs=[ClientProxyMessage] strs=[]
HG,ProxyMessageHandler,medium,1,Handler,,,refs=[NetworkMessage UiEventBus] strs=[fightMenuBarDialog | dofusarena.replay | replayMode]
lr,ProxyMessageHandler,medium,1,Handler,,,refs=[NetworkMessage UiEventBus] strs=[apf | customFightProfileLoadingDialog | customFightProfileSavingDialog]
PL,ProxyMessageHandler,medium,1,Handler,,,refs=[NetworkMessage] strs=[TLS | ws.ankama.lan | --bloubloubloublou\r\n]
aOG,ProxyMessageHandler,medium,1,Handler,,,refs=[NetworkMessage] strs=[ReportBug.validForm | UIReportBugFrame : onMessage - Erreur Connexion URL : | bugReportURL]
ayf,ProxyMessageHandler,medium,1,Handler,,,refs=[NetworkMessage] strs=[mailbox.newMail | newMailDialog | error.mail.mailboxFull]
fK,ProxyMessageHandler,medium,1,Handler,,,refs=[NetworkMessage TeamMateSetReadyForActionRequestMessage] strs=[fightObservationDialog | fight.status | observation]
Mq,ProxyMessageHandler,medium,1,Handler,,,refs=[NetworkMessage] strs=[error.mail.mailboxFull | newMailDialog | mailbox.newMail]
AO,ProxyMessageHandler,medium,1,Handler,,,refs=[NetworkMessage UiEventBus] strs=[npcTalkDialog | dofusarena.npcTalk | selectedTalkOption]
aBB,ProxyMessageHandler,medium,1,Handler,,,refs=[NetworkMessage] strs=[menuDialog | fightMenuDialog | reportBugDialog]
Bo,ProxyMessageHandler,medium,1,Handler,,,refs=[NetworkMessage TeamMateSetReadyForPlacementRequestMessage] strs=[singleCardData | fightPresentationDialog]
CJ,ProxyMessageHandler,medium,1,Handler,,,refs=[NetworkMessage UiEventBus] strs=[selectedChallenge | challengeDialog]
fc,ProxyMessageHandler,medium,1,Handler,,,refs=[NetworkMessage] strs=[fightMenuBarDialog | fightMenuDialog | menuDialog]
ae,ProxyMessageHandler,medium,1,Handler,,,refs=[NetworkMessage] strs=[highlightLayer | SansSerif]
ju,ProxyMessageHandler,medium,1,Handler,,,refs=[NetworkMessage] strs=[mapDialog | miniMap]
PE,ProxyMessageHandler,medium,1,Handler,,,refs=[NetworkMessage] strs=[]
aLV,ProxyMessageHandler,medium,1,Handler,,,refs=[NetworkMessage] strs=[]
jl,ProxyMessageHandler,medium,1,Handler,,,refs=[NetworkMessage] strs=[]
vl,ProxyMessageHandler,medium,1,Handler,,,refs=[NetworkMessage] strs=[]
es,S2CMessage100,medium,1,Message,,100,refs=[InputOnlyProxyMessage] strs=[]
Ja,S2CMessage102,medium,1,Message,,102,refs=[InputOnlyProxyMessage] strs=[]
qR,S2CMessage103,medium,1,Message,,103,refs=[InputOnlyProxyMessage] strs=[]
Ve,S2CMessage105,medium,1,Message,,105,refs=[InputOnlyProxyMessage] strs=[]
aBJ,S2CMessage108,medium,1,Message,,108,refs=[InputOnlyProxyMessage] strs=[]
ayV,S2CMessage15001,medium,1,Message,,15001,refs=[InputOnlyProxyMessage] strs=[]
Eh,S2CMessage15003,medium,1,Message,,15003,refs=[InputOnlyProxyMessage] strs=[]
WT,S2CMessage15005,medium,1,Message,,15005,refs=[InputOnlyProxyMessage] strs=[]
cb,S2CMessage15007,medium,1,Message,,15007,refs=[InputOnlyProxyMessage] strs=[]
aFJ,S2CMessage15507,medium,1,Message,,15507,refs=[InputOnlyProxyMessage] strs=[]
awa,S2CMessage17003,medium,1,Message,,17003,refs=[InputOnlyProxyMessage] strs=[]
aEf,S2CMessage17005,medium,1,Message,,17005,refs=[InputOnlyProxyMessage] strs=[]
rZ,S2CMessage200,medium,1,Message,,200,refs=[InputOnlyProxyMessage] strs=[]
TT,S2CMessage202,medium,1,Message,,202,refs=[InputOnlyProxyMessage] strs=[]
Il,S2CMessage204,medium,1,Message,,204,refs=[InputOnlyProxyMessage] strs=[]
aCC,S2CMessage206,medium,1,Message,,206,refs=[InputOnlyProxyMessage] strs=[]
nj,S2CMessage2070,medium,1,Message,,2070,refs=[InputOnlyProxyMessage] strs=[]
aDE,S2CMessage22000,medium,1,Message,,22000,refs=[InputOnlyProxyMessage] strs=[]
lS,S2CMessage22002,medium,1,Message,,22002,refs=[InputOnlyProxyMessage] strs=[]
axA,S2CMessage22092,medium,1,Message,,22092,refs=[InputOnlyProxyMessage] strs=[]
lA,S2CMessage22094,medium,1,Message,,22094,refs=[InputOnlyProxyMessage] strs=[]
WV,S2CMessage2261,medium,1,Message,,2261,refs=[InputOnlyProxyMessage] strs=[]
wF,S2CMessage23002,medium,1,Message,,23002,refs=[InputOnlyProxyMessage] strs=[]
aMH,S2CMessage23004,medium,1,Message,,23004,refs=[InputOnlyProxyMessage] strs=[]
azl,S2CMessage23006,medium,1,Message,,23006,refs=[InputOnlyProxyMessage] strs=[]
KL,S2CMessage23008,medium,1,Message,,23008,refs=[InputOnlyProxyMessage] strs=[]
BX,S2CMessage2307,medium,1,Message,,2307,refs=[InputOnlyProxyMessage] strs=[]
cJ,S2CMessage2309,medium,1,Message,,2309,refs=[InputOnlyProxyMessage] strs=[]
aDA,S2CMessage23102,medium,1,Message,,23102,refs=[InputOnlyProxyMessage] strs=[]
aLi,S2CMessage23104,medium,1,Message,,23104,refs=[InputOnlyProxyMessage] strs=[]
adS,S2CMessage23106,medium,1,Message,,23106,refs=[InputOnlyProxyMessage] strs=[]
M,S2CMessage23108,medium,1,Message,,23108,refs=[InputOnlyProxyMessage] strs=[]
tB,S2CMessage23110,medium,1,Message,,23110,refs=[InputOnlyProxyMessage] strs=[]
aku,S2CMessage23112,medium,1,Message,,23112,refs=[InputOnlyProxyMessage] strs=[]
uF,S2CMessage2401,medium,1,Message,,2401,refs=[InputOnlyProxyMessage] strs=[]
HJ,S2CMessage2411,medium,1,Message,,2411,refs=[InputOnlyProxyMessage] strs=[]
az,S2CMessage25000,medium,1,Message,,25000,refs=[InputOnlyProxyMessage] strs=[]
Kq,S2CMessage2601,medium,1,Message,,2601,refs=[InputOnlyProxyMessage] strs=[]
wU,S2CMessage26300,medium,1,Message,,26300,refs=[InputOnlyProxyMessage] strs=[]
pU,S2CMessage26302,medium,1,Message,,26302,refs=[InputOnlyProxyMessage] strs=[]
gZ,S2CMessage26304,medium,1,Message,,26304,refs=[InputOnlyProxyMessage] strs=[]
Nx,S2CMessage26310,medium,1,Message,,26310,refs=[InputOnlyProxyMessage] strs=[]
axr,S2CMessage26312,medium,1,Message,,26312,refs=[InputOnlyProxyMessage] strs=[]
ahV,S2CMessage26314,medium,1,Message,,26314,refs=[InputOnlyProxyMessage] strs=[]
azb,S2CMessage26332,medium,1,Message,,26332,refs=[InputOnlyProxyMessage] strs=[]
uZ,S2CMessage26333,medium,1,Message,,26333,refs=[InputOnlyProxyMessage] strs=[]
azD,S2CMessage27501,medium,1,Message,,27501,refs=[InputOnlyProxyMessage] strs=[]
IJ,S2CMessage27503,medium,1,Message,,27503,refs=[InputOnlyProxyMessage] strs=[]
aKa,S2CMessage27505,medium,1,Message,,27505,refs=[InputOnlyProxyMessage] strs=[]
UJ,S2CMessage27507,medium,1,Message,,27507,refs=[InputOnlyProxyMessage] strs=[]
Jw,S2CMessage27509,medium,1,Message,,27509,refs=[InputOnlyProxyMessage] strs=[]
anc,S2CMessage27511,medium,1,Message,,27511,refs=[InputOnlyProxyMessage] strs=[]
Xn,S2CMessage27513,medium,1,Message,,27513,refs=[InputOnlyProxyMessage] strs=[]
aMU,S2CMessage27515,medium,1,Message,,27515,refs=[InputOnlyProxyMessage] strs=[]
jg,S2CMessage27526,medium,1,Message,,27526,refs=[InputOnlyProxyMessage] strs=[]
EQ,S2CMessage27528,medium,1,Message,,27528,refs=[InputOnlyProxyMessage] strs=[]
amk,S2CMessage27552,medium,1,Message,,27552,refs=[InputOnlyProxyMessage] strs=[]
Ng,S2CMessage28602,medium,1,Message,,28602,refs=[InputOnlyProxyMessage] strs=[UTF-8 | NAME CENSORED | nameCensored]
auE,S2CMessage28604,medium,1,Message,,28604,refs=[InputOnlyProxyMessage] strs=[]
aik,S2CMessage28606,medium,1,Message,,28606,refs=[InputOnlyProxyMessage] strs=[]
dy,S2CMessage28608,medium,1,Message,,28608,refs=[InputOnlyProxyMessage] strs=[]
De,S2CMessage28610,medium,1,Message,,28610,refs=[InputOnlyProxyMessage] strs=[]
DR,S2CMessage28612,medium,1,Message,,28612,refs=[InputOnlyProxyMessage] strs=[]
azJ,S2CMessage28614,medium,1,Message,,28614,refs=[InputOnlyProxyMessage] strs=[]
kw,S2CMessage28616,medium,1,Message,,28616,refs=[InputOnlyProxyMessage] strs=[]
aHd,S2CMessage28618,medium,1,Message,,28618,refs=[InputOnlyProxyMessage] strs=[]
Yq,S2CMessage28620,medium,1,Message,,28620,refs=[InputOnlyProxyMessage] strs=[Mauvaise utilisation d'un message de type | : Status \u00e9gal \u00e0 | UTF-8]
UW,S2CMessage28622,medium,1,Message,,28622,refs=[InputOnlyProxyMessage] strs=[]
DG,S2CMessage28630,medium,1,Message,,28630,refs=[InputOnlyProxyMessage] strs=[]
aCN,S2CMessage28634,medium,1,Message,,28634,refs=[InputOnlyProxyMessage] strs=[]
aIG,S2CMessage28636,medium,1,Message,,28636,refs=[InputOnlyProxyMessage] strs=[]
aaJ,S2CMessage28644,medium,1,Message,,28644,refs=[InputOnlyProxyMessage] strs=[]
aNq,S2CMessage28646,medium,1,Message,,28646,refs=[InputOnlyProxyMessage] strs=[]
df,S2CMessage28648,medium,1,Message,,28648,refs=[InputOnlyProxyMessage] strs=[]
IL,S2CMessage28650,medium,1,Message,,28650,refs=[InputOnlyProxyMessage] strs=[UTF-8]
ayy,S2CMessage3168,medium,1,Message,,3168,refs=[InputOnlyProxyMessage] strs=[]
aIK,S2CMessage3170,medium,1,Message,,3170,refs=[InputOnlyProxyMessage] strs=[]
aNO,S2CMessage3198,medium,1,Message,,3198,refs=[InputOnlyProxyMessage] strs=[]
tG,S2CMessage4000,medium,1,Message,,4000,refs=[InputOnlyProxyMessage] strs=[]
tc,S2CMessage4001,medium,1,Message,,4001,refs=[InputOnlyProxyMessage] strs=[]
yU,S2CMessage4516,medium,1,Message,,4516,refs=[InputOnlyProxyMessage] strs=[]
afV,S2CMessage4601,medium,1,Message,,4601,refs=[InputOnlyProxyMessage] strs=[]
azT,S2CMessage4700,medium,1,Message,,4700,refs=[InputOnlyProxyMessage] strs=[]
yd,S2CMessage4800,medium,1,Message,,4800,refs=[InputOnlyProxyMessage] strs=[]
xK,S2CMessage4900,medium,1,Message,,4900,refs=[FightServerToClientMessage] strs=[]
xY,S2CMessage4901,medium,1,Message,,4901,refs=[FightServerToClientMessage] strs=[]
aIZ,S2CMessage4902,medium,1,Message,,4902,refs=[FightServerToClientMessage] strs=[]
auF,S2CMessage502,medium,1,Message,,502,refs=[InputOnlyProxyMessage] strs=[]
mD,S2CMessage504,medium,1,Message,,504,refs=[InputOnlyProxyMessage] strs=[]
arl,S2CMessage510,medium,1,Message,,510,refs=[InputOnlyProxyMessage] strs=[]
Or,S2CMessage5113,medium,1,Message,,5113,refs=[InputOnlyProxyMessage] strs=[]
aqX,S2CMessage5114,medium,1,Message,,5114,refs=[InputOnlyProxyMessage] strs=[]
dL,S2CMessage5116,medium,1,Message,,5116,refs=[InputOnlyProxyMessage] strs=[]
NN,S2CMessage5401,medium,1,Message,,5401,refs=[InputOnlyProxyMessage] strs=[]
mJ,S2CMessage5403,medium,1,Message,,5403,refs=[InputOnlyProxyMessage] strs=[]
aGr,S2CMessage5491,medium,1,Message,,5491,refs=[InputOnlyProxyMessage] strs=[]
H,S2CMessage556,medium,1,Message,,556,refs=[InputOnlyProxyMessage] strs=[]
ahU,S2CMessage558,medium,1,Message,,558,refs=[InputOnlyProxyMessage] strs=[]
rY,S2CMessage560,medium,1,Message,,560,refs=[InputOnlyProxyMessage] strs=[]
asu,S2CMessage6,medium,1,Message,,6,refs=[InputOnlyProxyMessage] strs=[]
aoi,S2CMessage6014,medium,1,Message,,6014,refs=[InputOnlyProxyMessage] strs=[]
DY,S2CMessage6025,medium,1,Message,,6025,refs=[InputOnlyProxyMessage] strs=[]
Lk,S2CMessage6027,medium,1,Message,,6027,refs=[InputOnlyProxyMessage] strs=[]
ahh,S2CMessage6028,medium,1,Message,,6028,refs=[InputOnlyProxyMessage] strs=[]
OJ,S2CMessage6029,medium,1,Message,,6029,refs=[InputOnlyProxyMessage] strs=[]
gD,S2CMessage6032,medium,1,Message,,6032,refs=[InputOnlyProxyMessage] strs=[]
RQ,S2CMessage8121,medium,1,Message,,8121,refs=[InputOnlyProxyMessage] strs=[]
ZQ,S2CMessage8122,medium,1,Message,,8122,refs=[InputOnlyProxyMessage] strs=[]
WC,S2CMessage8250,medium,1,Message,,8250,refs=[InputOnlyProxyMessage] strs=[]
aBZ,S2CMessage8400,medium,1,Message,,8400,refs=[InputOnlyProxyMessage] strs=[]
avT,S2CMessage9,medium,1,Message,,9,refs=[InputOnlyProxyMessage] strs=[Id fixe pour ce message. Ne peut \u00eatre chang\u00e9.]
QY,AchievementScreen,low,0,Screen,Achievement,,refs=[] strs=[achievementsList | achievementTypesList | achievementsTotalPoints]
li,AchievementScreen,low,0,Screen,Achievement,,refs=[] strs=[isSelected | name | description]
aiI,AchievementScreen,low,0,Screen,Achievement,,refs=[] strs=[updateAchievement | achievementConditionId]
aEz,ActorScreen,low,0,Screen,Actor,,refs=[] strs=[coach | name | sex]
aJF,ActorScreen,low,0,Screen,Actor,,refs=[] strs=[Directed rectangle | Rectangle directionnel | Distance maximale \u00e0 la ligne centrale]
aaC,ActorScreen,low,0,Screen,Actor,,refs=[] strs=[createActor | mobileId | spriteName]
abv,ActorScreen,low,0,Screen,Actor,,refs=[] strs=[breedSpells | weaponCards | petCards]
apb,ActorScreen,low,0,Screen,Actor,,refs=[] strs=[setMobileLookAt | mobileId | worldX]
uj,ActorScreen,low,0,Screen,Actor,,refs=[] strs=[Zoom sur un point pendant un certain temps puis revient \u00e0 sa position d'origine | zoomOn | zoomFactor]
aga,ActorScreen,low,0,Screen,Actor,,refs=[] strs=[setMobileDirection | mobileId | directionIndex]
ic,ActorScreen,low,0,Screen,Actor,,refs=[] strs=[getMobileDirection | mobileId | directionIndex]
ep,ActorScreen,low,0,Screen,Actor,,refs=[] strs=[direction ou position null : update partLocalisator first | direction null : update partLocalisator first]
aBj,ActorScreen,low,0,Screen,Actor,,refs=[] strs=[XML parser factory has not been configured correctly: | Cannot create parser for the given configuration: | Document builder factory has not been configured correctly:]
aMp,ActorScreen,low,0,Screen,Actor,,refs=[] strs=[Aucune factory d'enregistr\u00e9e pour un \u00e9l\u00e9ment interactif de type | Aucune d\u00e9finition trouv\u00e9e pour l'instance d'\u00e9lement interactif | Exception lors de Interac
aMw,ActorScreen,low,0,Screen,Actor,,refs=[] strs=[setMoveSpeedFactor | speedFactor | pas de camera associ\u00e9e \u00e0 CameraFunctionsLibrary]
aug,CalendarScreen,low,0,Screen,Calendar,,refs=[UiEventBus] strs=[dofusarena.calendar | itemOver | calendar.fullEventList]
avF,CalendarScreen,low,0,Screen,Calendar,,refs=[] strs=[events | day | month]
rD,CalendarScreen,low,0,Screen,Calendar,,refs=[] strs=[Argument 0 for @NotNull parameter of com/ankamagames/baseImpl/common/clientAndServer/game/time/calendar/GameDate.set must not be null | Argument 0 for @NotNull parameter of com/ankamagam
DE,CalendarScreen,low,0,Screen,Calendar,,refs=[] strs=[calendar | currentMonth | calendar.eventFilter]
aZ,CalendarScreen,low,0,Screen,Calendar,,refs=[] strs=[Argument 0 for @NotNull parameter of com/ankamagames/baseImpl/common/clientAndServer/game/time/calendar/util/GameDateFormatter.parse must not be null | Argument 1 for @NotNull parameter 
pT,CalendarScreen,low,0,Screen,Calendar,,refs=[] strs=[Argument 0 for @NotNull parameter of com/ankamagames/baseImpl/common/clientAndServer/game/time/calendar/GameInterval.greaterThan must not be null | Argument 0 for @NotNull parameter of c
JN,ChatScreen,low,0,Screen,Chat,,refs=[NetworkMessage] strs=[SqlRequestChannel | Exception during autocommit | Interrupted]
DU,ChatScreen,low,0,Screen,Chat,,refs=[] strs=[contentLoader.chat | vicinityPipe | chat.pipeName.vicinity]
Jd,ChatScreen,low,0,Screen,Chat,,refs=[UiEventBus] strs=[dofusarena.chat | /whisper | /reply]
ML,ChatScreen,low,0,Screen,Chat,,refs=[] strs=[chat.dialogView | input | history]
TY,ChatScreen,low,0,Screen,Chat,,refs=[AssetBinaryReader AssetBinaryWriter] strs=[Argument 0 for @NotNull parameter of com/ankamagames/baseImpl/graphics/alea/environment/DynamicElementDef.load must not be null | Argument 0 for @NotNu
ait,ChatScreen,low,0,Screen,Chat,,"refs=[] strs=[La connexion a \u00e9t\u00e9 ferm\u00e9e, ou la fermeture est d\u00e9j\u00e0 programm\u00e9e (aboutToClose= | , cleanClose= | Tentative de lecture sur une Connection sans SocketChannel.]"
akZ,ChatScreen,low,0,Screen,Chat,,refs=[] strs=[language | resolution | musicVolume]
gN,ChatScreen,low,0,Screen,Chat,,"refs=[NetworkMessage] strs=[Erreur lors d'un checkOut sur un message de type StatisticsReportSaveRequest : | INSERT INTO tbl_dynamic_statistics(statistics_model_id,statistics_report_id,statistics_repo"
aBL,ChatScreen,low,0,Screen,Chat,,refs=[] strs=[viewName | chat.selectedPipe | chat.pipeName.vicinity]
aHI,ChatScreen,low,0,Screen,Chat,,refs=[] strs=[vicinityPipe | privatePipe | teammatePipe]
aOn,ChatScreen,low,0,Screen,Chat,,refs=[] strs=[minutes | hours | days]
arE,ChatScreen,low,0,Screen,Chat,,refs=[] strs=[\\[(#name)\\] | Impossible de formatter l'expression : | Constante trop grande pour le test du sex de l'interlocuteur :]
art,ChatScreen,low,0,Screen,Chat,,refs=[] strs=[hideObstacle | !/common/alphaMask | showMap]
ZX,ChatScreen,low,0,Screen,Chat,,refs=[] strs=[friend | ignore | party]
mc,ChatScreen,low,0,Screen,Chat,,refs=[] strs=[friends.list | ignore.list | userManager]
Lt,ChatScreen,low,0,Screen,Chat,,refs=[] strs=[chat.selectedView | input | chatDialog]
aHV,ChatScreen,low,0,Screen,Chat,,refs=[] strs=[chat.viewList | chatViewManager]
SA,ChatScreen,low,0,Screen,Chat,,refs=[] strs=[chat.selectedPipe | chat.pipeName.teammate]
SC,ChatScreen,low,0,Screen,Chat,,refs=[] strs=[chat.selectedPipe | chat.pipeName.guild]
SD,ChatScreen,low,0,Screen,Chat,,refs=[] strs=[chat.selectedPipe | chat.pipeName.trade]
Sy,ChatScreen,low,0,Screen,Chat,,refs=[] strs=[chat.selectedPipe | chat.pipeName.vicinity]
sJ,CoachScreen,low,0,Screen,Coach,,refs=[CoachEquipmentUpdateRequestMessage CoachInventoryUpdateRequestMessage NetworkMessage] strs=[cardInventory | cardSets | cardPets]
RS,CoachScreen,low,0,Screen,Coach,,refs=[CoachCreationMessage NetworkMessage UiEventBus] strs=[actorDescriptorLibrary | skinColor | hairColor]
add,CoachScreen,low,0,Screen,Coach,,refs=[NetworkMessage UiEventBus] strs=[coachInventory.undestructibleCard | fusionTrade | quantity]
aBC,CoachScreen,low,0,Screen,Coach,,refs=[UiEventBus] strs=[dofusarena.coachManagement | localCoach | name]
ij,CoachScreen,low,0,Screen,Coach,,refs=[] strs=[minimum | maximum | name]
ans,CoachScreen,low,0,Screen,Coach,,refs=[CoachActorMovementRequestMessage NetworkMessage] strs=[Impossible de changer l'id d'une instance : Id = | fix\u00e9 dans le constructeur.]
cF,CoachScreen,low,0,Screen,Coach,,refs=[] strs=[Impossible d'ajouter une carte : ReferenceCoachCard \u00e9gal \u00e0 null. | Impossible d'ajouter la referenceCoachCard d'id | : Id de type \u00e9gal \u00e0]
KE,CoachScreen,low,0,Screen,Coach,,refs=[UiEventBus] strs=[dofusarena.demonAffiliation | localCoachCardsContainer | coachInventory.undestructibleCard]
avp,CoachScreen,low,0,Screen,Coach,,refs=[NetworkMessage] strs=[coachManagement.selectedCard | coachInventory.undestructibleCard | question.deleteCoachEquipment]
Md,CoachScreen,low,0,Screen,Coach,,refs=[NetworkMessage] strs=[cantDestroyCoachDuringFight | questionDestroyCoach]
AI,CombatScreen,low,0,Screen,Combat,,refs=[] strs=[Bonus ou malus d'XP en % (conso : rien) | Bonus ou malus d'XP (conso : idem) | Bonus ou malus d'XP en % pour l'adversaire (conso : rien)]
Jb,CombatScreen,low,0,Screen,Combat,,refs=[] strs=[AbstractFighterCard is static and can't be unserialized. Need to be get from a provider. | FIghterCard can't be stacked | FIGHTER_CARD_USE]
MV,CombatScreen,low,0,Screen,Combat,,refs=[] strs=[Erreur d\u00e9tect\u00e9 dans le match d'id | : On passe en mode observation sans \u00eatre en mode placement ! | Dans le match d'id]
Te,CombatScreen,low,0,Screen,Combat,,refs=[] strs=[name | level | fighters]
XZ,CombatScreen,low,0,Screen,Combat,,refs=[] strs=[allFighters | fightersOnBench | graveyardFighters]
Xb,CombatScreen,low,0,Screen,Combat,,refs=[] strs=[On essaye de release un RunningEffect encore r\u00e9f\u00e9renc\u00e9 refCount= | Double release sur un | hashCode :]
ajR,CombatScreen,low,0,Screen,Combat,,refs=[] strs=[Modifie le budget | Modifie le nombre minimum de combattant | Modifie le nombre maximum de combattant]
avE,CombatScreen,low,0,Screen,Combat,,"refs=[] strs=[Exeption lev\u00e9e | Il n'y a aucune source \u00e0 lib\u00e9rer, mais on n'arrive pas \u00e0 r\u00e9server de voix | Impossible d'assigner suffisament de voix \u00e0 cette Source.]"
ayr,CombatScreen,low,0,Screen,Combat,,refs=[] strs=[Spell | Bonus | Malus]
azg,CombatScreen,low,0,Screen,Combat,,refs=[NetworkMessage] strs=[fighters | currentTableTurn | nextTableTurn]
or,CombatScreen,low,0,Screen,Combat,,refs=[] strs=[Avoir une carte dans son grimoire | Nombre de combats gagn\u00e9s en 20 \u00e0 25 minutes | Nombre de combats perdus en 20 \u00e0 25 minutes]
xj,CombatScreen,low,0,Screen,Combat,,refs=[] strs=[fighterColor | name | set]
zK,CombatScreen,low,0,Screen,Combat,,refs=[] strs=[name | selectedFighters | fighters]
Ht,CombatScreen,low,0,Screen,Combat,,refs=[] strs=[Tentative de d\u00e9s\u00e9rialisation d'un objet avec une version non prise en charge | effect_id | effect_action_id]
aOj,CombatScreen,low,0,Screen,Combat,,"refs=[] strs=[The DirectBufferPoolManager is already initialised and can't be initialised twice | bufferCounts can't be less than zero | No group created, all buffer counts are null]"
acw,CombatScreen,low,0,Screen,Combat,,refs=[] strs=[Erreur lors d'un newInstance sur un | Impossible de lancer l'effet | : EffectUser \u00e9gal \u00e0 null.]
adu,CombatScreen,low,0,Screen,Combat,,refs=[] strs=[Le client ne doit pas d\u00e9finir l'id des effectUsers | Impossible d'ajouter le controller du fighter | dans le match d'id]
ahP,CombatScreen,low,0,Screen,Combat,,refs=[] strs=[canSummon | canCastWhenCarrying | cantCastWhenCarrying]
asf,CombatScreen,low,0,Screen,Combat,,refs=[] strs=[cast.effectDescription | cast.criticalEffectDescription | cast.bonusDescription]
iL,CombatScreen,low,0,Screen,Combat,,refs=[] strs=[Impossible de s\u00e9rialiser le match d'id | : Controller s\u00e9rialis\u00e9 \u00e9gal \u00e0 null. | : Equipe s\u00e9rialis\u00e9e \u00e9gale \u00e0 null.]
ix,CombatScreen,low,0,Screen,Combat,,refs=[] strs=[onSpellUsed | mobileId | checkCell]
mU,CombatScreen,low,0,Screen,Combat,,refs=[] strs=[config.properties | coachANMEquipmentPath | fighterANMEquipmentPath]
nI,CombatScreen,low,0,Screen,Combat,,refs=[] strs=[Impossible d'ajouter le fighter | dans le match d'id | : Timeline \u00e9gal \u00e0 null.]
zh,CombatScreen,low,0,Screen,Combat,,refs=[] strs=[SNO: This exception should have been caught and processed | Janino.TargetVersion | Ljava/lang/StringBuilder;]
QK,CombatScreen,low,0,Screen,Combat,,refs=[] strs=[Poss\u00e9der une position | Poss\u00e9der un nombre de points de victoire | Tuer des combattants d'une classe]
Yg,CombatScreen,low,0,Screen,Combat,,refs=[] strs=[ne peut arriver normalement | On ajoute un gars \u00e0 une team alors qu'il est dans une autre ? | On essaye de virer un gars d'une team qui ne le contient pas : nombre de fighters :]
aGT,CombatScreen,low,0,Screen,Combat,,refs=[] strs=[On tente de retirer un fighter absent de la timeline ( | [Timeline] | [Timeline] Tentative d'attacher un]
vw,CombatScreen,low,0,Screen,Combat,,refs=[] strs=[description | quantity | timeRemaining]
Et,CombatScreen,low,0,Screen,Combat,,refs=[] strs=[Erreur \u00e0 la d\u00e9serialisation d'un fighter | Erreur lors d'un checkOut sur un FighterInformation : | impossible de release l'objet]
RU,CombatScreen,low,0,Screen,Combat,,refs=[] strs=[Les \u00e9l\u00e9ments interactifs client ne peuvent pas \u00eatre s\u00e9rialis\u00e9s | D\u00e9codage des donn\u00e9es sp\u00e9cifiques (len= | Impossible de d\u00e9s\u00e9rialiser un 
fv,CombatScreen,low,0,Screen,Combat,,refs=[] strs=[AbstractSpell can't be unserialized. Need to be get from AbstractReferenceCoachCardManager | Spell can't be stacked | Unable to copy AbstractSpell]
lC,CombatScreen,low,0,Screen,Combat,,refs=[] strs=[AnimMort | fight.die | onActionFinished DieAction]
HY,CombatScreen,low,0,Screen,Combat,,"refs=[] strs=[Erreur lors d'un checkOut sur un ArenaRunningEffect : | Dans le match | , nouvelle invocation]"
awW,CombatScreen,low,0,Screen,Combat,,"refs=[] strs=[Erreur lors d'un checkOut sur un SummonDouble : | Dans le match | , nouvelle invocation]"
sZ,CombatScreen,low,0,Screen,Combat,,refs=[] strs=[GlEffect not loaded : Cg library not loaded | GlEffect not loaded : Cg library not found : | Unable to read file]
XC,CombatScreen,low,0,Screen,Combat,,refs=[] strs=[Buffer type not supported | Buffer type not supported in slice | Buffer type not supported in createPage]
ZT,CombatScreen,low,0,Screen,Combat,,refs=[] strs=[null | On veut pousser dans la timeline le arenaRunningEffect | de fa\u00e7on instantan\u00e9e : EffectId =]
iY,CombatScreen,low,0,Screen,Combat,,refs=[] strs=[Impossible de s\u00e9rialiser le match d'id | : EffectUser \u00e9gal \u00e0 null. | Impossible de d\u00e9s\u00e9rialiser le match d'id]
Cc,CombatScreen,low,0,Screen,Combat,,refs=[] strs=[SpellZoneEffect | SpellRange | SpellRangeWithConstraint]
VM,CombatScreen,low,0,Screen,Combat,,refs=[] strs=[FighterCardUseZoneEffect | FighterCardUseRange | FighterCardUseRangeWithConstraint]
ayj,CombatScreen,low,0,Screen,Combat,,refs=[] strs=[CloseCombatZoneEffect | CloseCombatRange | CloseCombatRangeWithContraint]
dS,CombatScreen,low,0,Screen,Combat,,refs=[] strs=[Erreur lors d'un checkOut sur un ArenaRunningEffect : | Pas de contexte associ\u00e9 \u00e0 un SetEffectArea. | Pas d'effectUserInformationProvider associ\u00e9 \u00e0 un SetEffectArea.]
JR,CombatScreen,low,0,Screen,Combat,,refs=[] strs=[return; | return]
ME,CombatScreen,low,0,Screen,Combat,,refs=[] strs=[Erreur lors d'un checkOut sur un HPDebuff : | Nombre de param\u00e8tres incorrect dans un HPDebuff :]
TA,CombatScreen,low,0,Screen,Combat,,refs=[] strs=[pas assez de donn\u00e9es pour completer la cr\u00e9ation d'un Fighter | Erreur lors de l'ajout d'un sort \u00e0 un SummonedFighter :]
Zj,CombatScreen,low,0,Screen,Combat,,refs=[] strs=[Erreur lors d'un checkOut sur un CharacDebuff : | Nombre de param\u00e8tres incorrect dans un CharacDebuff :]
aix,CombatScreen,low,0,Screen,Combat,,refs=[] strs=[@NotNull method com/ankamagames/framework/kernel/core/resource/ResourceFactoryDescriptor.getResourceFactory must not return null | @NotNull method com/ankamagames/framework/kernel/core/r
alY,CombatScreen,low,0,Screen,Combat,,refs=[] strs=[fight.spellCast | Impossible de lancer un sort car le caster n'existe pas :]
ame,CombatScreen,low,0,Screen,Combat,,refs=[] strs=[Erreur lors d'un checkOut sur un CharacBuff : | Nombre de param\u00e8tres incorrect dans un CharacBuff :]
tW,CombatScreen,low,0,Screen,Combat,,refs=[] strs=[Erreur lors d'un checkOut sur un CharacBuff : | Nombre de param\u00e8tres incorrect dans un CharacBuff :]
adc,ConnectionScreen,low,0,Screen,Connection,,refs=[] strs=[rememberLastLogin | lastLogin | lastServer]
CG,ExchangeScreen,low,0,Screen,Exchange,,refs=[] strs=[exchangeId | localCardExchange | remoteCardExchange]
TQ,ExchangeScreen,low,0,Screen,Exchange,,refs=[UiEventBus] strs=[dofusarena.cardMaster | cardMasterTrade | cardMasterCardsPrice]
aJd,ExchangeScreen,low,0,Screen,Exchange,,refs=[] strs=[exchangeId | localCardExchange | cardMasterCardExchange]
arB,ExchangeScreen,low,0,Screen,Exchange,,refs=[NetworkMessage] strs=[demonAffiliationTrade | coachInventory.undestructibleCard | localCardExchange]
ku,ExchangeScreen,low,0,Screen,Exchange,,refs=[NetworkMessage] strs=[cardMasterTrade | coachInventory.undestructibleCard | localCardExchange]
PS,ExchangeScreen,low,0,Screen,Exchange,,refs=[] strs=[exchangeId | localCardExchange | localCardCount]
nk,ExchangeScreen,low,0,Screen,Exchange,,refs=[] strs=[First user of an ItemExchanger can't be null | Second user of an ItemExchanger can't be null | Only an Initializing exchanger can be started. Current State:]
CA,GuildScreen,low,0,Screen,Guild,,refs=[] strs=[name | privileges | canPromote]
aiA,GuildScreen,low,0,Screen,Guild,,refs=[UiEventBus] strs=[dofusarena.guild | guildCreationName | guildCreationDialog]
KI,GuildScreen,low,0,Screen,Guild,,refs=[] strs=[guild.name | guild.members | guild.canManage]
uK,GuildScreen,low,0,Screen,Guild,,refs=[UiEventBus] strs=[dofusarena.social | guild | guild.notEnoughGuildMembersToBeActive]
gp,GuildScreen,low,0,Screen,Guild,,refs=[] strs=[guild | guild.members | guildCoachStatsDialog]
WX,GuildScreen,low,0,Screen,Guild,,refs=[] strs=[updateGuildRank | guildId | blou]
aPr,GuildScreen,low,0,Screen,Guild,,refs=[] strs=[addGuildMember | guildId | memberId]
asW,GuildScreen,low,0,Screen,Guild,,refs=[] strs=[updateGuild | guildId | guildName]
ayU,GuildScreen,low,0,Screen,Guild,,refs=[] strs=[updateGuildMember | guildId | memberId]
db,GuildScreen,low,0,Screen,Guild,,refs=[] strs=[createGuildRank | guildId | blou]
ot,GuildScreen,low,0,Screen,Guild,,refs=[] strs=[removeGuildMember | guildId | memberId]
Ad,GuildScreen,low,0,Screen,Guild,,refs=[] strs=[guildChangeIcon | guildId]
aAi,GuildScreen,low,0,Screen,Guild,,refs=[] strs=[destroyGuild | guildId]
aeP,GuildScreen,low,0,Screen,Guild,,refs=[] strs=[createGuild | guildName]
akr,GuildScreen,low,0,Screen,Guild,,refs=[] strs=[getGuildMembers | guildId]
avr,GuildScreen,low,0,Screen,Guild,,refs=[] strs=[deleteGuildRank | guildId]
atu,LadderScreen,low,0,Screen,Ladder,,refs=[] strs=[position | rating | coachName]
awj,LadderScreen,low,0,Screen,Ladder,,refs=[] strs=[position | guildName | quarterlyReputationPoints]
axb,LadderScreen,low,0,Screen,Ladder,,refs=[] strs=[position | name | bossName]
ayB,LadderScreen,low,0,Screen,Ladder,,refs=[] strs=[position | name | points]
ec,LadderScreen,low,0,Screen,Ladder,,refs=[] strs=[position | demonName | quarterlyReputationPoints]
axh,LadderScreen,low,0,Screen,Ladder,,"refs=[NetworkMessage] strs=[Erreur lors d'un checkOut sur un message de type StatisticsReportLoadAllForLadderRequest : | SELECT * FROM tbl_dynamic_statistics, tbl_dynamic_stats_ladder where statistics"
axw,MatchmakingScreen,low,0,Screen,Matchmaking,,refs=[] strs=[mainLog.fightLog | Exception dans le release de | normalement impossible.]
PW,PartyScreen,low,0,Screen,Party,,refs=[NetworkMessage] strs=[fightInvitation.messageOut | fightInvitation.messageIn | fightInvitation.messageInEvolution]
Oo,PropertyScreen,low,0,Screen,Property,,"refs=[] strs=[resource | In <property> element, either the \""file\"" attribute alone, or the \""resource\"" element alone, or both the \""name\"" and \""value\"" attributes must be set. | substitutionPropert"
Tr,PropertyScreen,low,0,Screen,Property,,refs=[] strs=[configuration/property | configuration/substitutionProperty | configuration/contextProperty]
aCE,PropertyScreen,low,0,Screen,Property,,refs=[] strs=[removePropertyClient | dialogName | widgetId]
aFc,PropertyScreen,low,0,Screen,Property,,"refs=[] strs=[ant.PropertyHelper | toString: | Property \""]"
nJ,PropertyScreen,low,0,Screen,Property,,refs=[] strs=[Failed to introspect | No such property [ | Failed to set property []
afx,PropertyScreen,low,0,Screen,Property,,refs=[] strs=[setDialogProperty | property | value]
afn,PropertyScreen,low,0,Screen,Property,,refs=[] strs=[removeDialogProperty | property]
aCx,TeamScreen,low,0,Screen,Team,,refs=[CreateFighterInformationRequestMessage NetworkMessage UiEventBus] strs=[dofusarena.teamManagement | error.fighterCreation.invalidName | teamManagement.editableFighter]
B,TeamScreen,low,0,Screen,Team,,refs=[NetworkMessage] strs=[error.fight.creation.badClick | teamManagement.teamPreset1vs1List | teamManagement.teamPreset2vs2List]
BS,TeamScreen,low,0,Screen,Team,,refs=[] strs=[teamManagement.teamPreset1vs1List | teamManagement.teamPreset2vs2List | teamManagement.teamPresetTournamentList]
Rg,TeamScreen,low,0,Screen,Team,,refs=[] strs=[manageFrame | frame | push]
aIO,TeamScreen,low,0,Screen,Team,,refs=[UiEventBus] strs=[dofusarena.evolution | teamManagement.editableFighter | selectedConsumableCard]
PI,TeamScreen,low,0,Screen,Team,,refs=[UiEventBus] strs=[dofusarena.fightCreation | teamManagement.editableTeamPreset | error.teamManagement.noTeamSelected]
adY,TeamScreen,low,0,Screen,Team,,refs=[] strs=[teamManagement.fighterList | teamManagement.filtredFighterList | teamManagement.fighterManager]
aJE,TeamScreen,low,0,Screen,Team,,refs=[CreateFighterInformationRequestMessage] strs=[serializeTeam | team | errorSavingFile]
aDn,TournamentScreen,low,0,Screen,Tournament,,refs=[] strs=[list1vs1 | list2vs2 | listGuild]
fn,TournamentScreen,low,0,Screen,Tournament,,refs=[UiEventBus] strs=[dofusarena.tournaments | selectedTournamentEvent | defaultCalendar]
vg,TournamentScreen,low,0,Screen,Tournament,,refs=[] strs=[name | description | rules]
Qr,TournamentScreen,low,0,Screen,Tournament,,refs=[] strs=[registrationEnabled | tournamentDescription | tournamentIllustration]
amu,TournamentScreen,low,0,Screen,Tournament,,refs=[] strs=[UNKNOWN_EVENT | BROADCAST_EVENT | MAINTENANCE_EVENT]
vK,TournamentScreen,low,0,Screen,Tournament,,refs=[] strs=[tournamentsOfTheDay | tournamentsList | tournamentDefinitionsAvailable]
Y,TournamentScreen,low,0,Screen,Tournament,,refs=[] strs=[fight.team0 | fight.team1 | tournamentDefeat]
En,TournamentScreen,low,0,Screen,Tournament,,refs=[NetworkMessage] strs=[tournamentEvolutionDialog | tournamentGraveyardDialog]
auU,WorldScreen,low,0,Screen,World,,refs=[AssetBinaryReader] strs=[Invalid path : | Can't set worldId if not using constant world. See TopologyMapManager.enableConstantWorld for more informations | Can't get worldId if not using constan
