owner_obf,owner_readable,field_obf,field_new,why
A,AchievementMessageHandler,an,achievementMessageHandler,ref-type
yh,AchievementMessageHandler_1,aAL,achievementMessageHandler_1,ref-type
aEV,ActorAppearMessage,cOs,arrayList,prim
NO,ActorMessageHandler,bAz,actorMessageHandler,ref-type
Qg,ActorMessageHandler_1,bFT,actorMessageHandler_1,ref-type
avf,ActorMovementMessage,aDU,num,prim
avf,ActorMovementMessage,axC,lng,prim
aqB,ActorRepositionMessage,cOs,arrayList,prim
XE,ActorSpawnMessage,bYT,arrayList,prim
xp,ActorTeleportsMessage,axC,lng,prim
xp,ActorTeleportsMessage,nE,num,prim
xp,ActorTeleportsMessage,nF,num2,prim
xp,ActorTeleportsMessage,nG,sht,prim
QZ,AddFriendMessage,abZ,str,prim
MP,AddIgnoreMessage,bak,str,prim
rX,AdminMessage20,JR,bt,prim
rX,AdminMessage20,JS,bt2,prim
rX,AdminMessage20,JT,bt3,prim
rX,AdminMessage20,JU,bt4,prim
rX,AdminMessage20,JW,bt5,prim
rX,AdminMessage20,JV,bt6,prim
rX,AdminMessage20,JX,bt7,prim
rX,AdminMessage20,aiI,list,prim
rX,AdminMessage20,aiJ,num,prim
acf,AssetBinaryReader,cjn,num,prim
acf,AssetBinaryReader,cjo,bt,prim
acf,AssetBinaryReader,cjp,bt2,prim
aIJ,AssetBinaryWriter,dQy,num,prim
aIJ,AssetBinaryWriter,dQz,num2,prim
aIJ,AssetBinaryWriter,dQA,flag,prim
aIJ,AssetBinaryWriter,bcN,lng,prim
aIJ,AssetBinaryWriter,dQB,flag2,prim
aFC,C2SMessage101,arg,command,accessor
aFC,C2SMessage101,bLb,bt,prim
aDs,C2SMessage15004,dxo,lngArr,prim
aKk,C2SMessage15006,ia,lng,prim
fu,C2SMessage17004,rc,lng,prim
aGh,C2SMessage17006,rc,lng,prim
aFu,C2SMessage17010,dGZ,num,prim
aFu,C2SMessage17010,dHa,numArr,prim
aFu,C2SMessage17010,BF,str,prim
aFu,C2SMessage17010,bGv,str2,prim
aFu,C2SMessage17010,dHe,arrayList,prim
aFu,C2SMessage17010,dHf,bt,prim
aFu,C2SMessage17010,dHg,num2,prim
aFu,C2SMessage17010,dHh,numArr2,prim
bD,C2SMessage201,gY,lng,prim
bD,C2SMessage201,gZ,sht,prim
nq,C2SMessage22003,Oo,sht,prim
nq,C2SMessage22003,Op,flag,prim
nq,C2SMessage22003,Oq,sht2,prim
axH,C2SMessage22004,sB,lng,prim
Tx,C2SMessage22093,cD,num,prim
axF,C2SMessage22095,cD,num,prim
axF,C2SMessage22095,Hq,num2,prim
axF,C2SMessage22095,Hr,num3,prim
axF,C2SMessage22095,Ht,lng,prim
OB,C2SMessage22097,cD,num,prim
bw,C2SMessage22099,aj,lng,prim
bw,C2SMessage22099,cD,num,prim
pY,C2SMessage2260,sB,lng,prim
Jc,C2SMessage23000,aj,lng,prim
Jc,C2SMessage23000,bjk,flag,prim
aBN,C2SMessage23001,Ho,lng,prim
aBN,C2SMessage23001,Gm,sht,prim
ajW,C2SMessage23003,Ho,lng,prim
ajW,C2SMessage23003,Gm,sht,prim
aow,C2SMessage23009,aj,lng,prim
aow,C2SMessage23009,cKY,num,prim
aow,C2SMessage23009,cD,num2,prim
Pg,C2SMessage2308,anl,lng,prim
Pg,C2SMessage2308,aKn,sht,prim
Pg,C2SMessage2308,jy,flag,prim
Bm,C2SMessage23101,Ho,lng,prim
Bm,C2SMessage23101,Gm,sht,prim
atj,C2SMessage23103,Ho,lng,prim
atj,C2SMessage23103,Gm,sht,prim
acz,C2SMessage23114,anl,lng,prim
acz,C2SMessage23114,Ho,lng2,prim
acz,C2SMessage23114,Gm,sht,prim
acz,C2SMessage23114,fA,sht2,prim
acz,C2SMessage23114,jy,flag,prim
Hk,C2SMessage26301,bdw,lng,prim
Hk,C2SMessage26301,acR,flag,prim
Bl,C2SMessage26303,ap,lng,prim
Bl,C2SMessage26303,Gm,sht,prim
vT,C2SMessage26305,ap,lng,prim
vT,C2SMessage26305,acR,flag,prim
mZ,C2SMessage26307,ap,lng,prim
aJu,C2SMessage26313,yl,lng,prim
aJu,C2SMessage26313,dRw,bt,prim
alV,C2SMessage26330,bbw,num,prim
alV,C2SMessage26330,cFU,sht,prim
X,C2SMessage26331,bu,lng,prim
aIw,C2SMessage26334,jy,flag,prim
pC,C2SMessage27502,fA,sht,prim
aid,C2SMessage27510,fA,sht,prim
aid,C2SMessage27510,atZ,sht2,prim
ow,C2SMessage27512,fA,sht,prim
ZZ,C2SMessage27525,zs,btArr,prim
ZZ,C2SMessage27525,zt,bt,prim
ZZ,C2SMessage27525,zu,bt2,prim
ZZ,C2SMessage27525,zv,bt3,prim
ZZ,C2SMessage27525,zw,btArr2,prim
Gc,C2SMessage27527,zs,btArr,prim
Gc,C2SMessage27527,sB,lng,prim
Gc,C2SMessage27527,aTR,flag,prim
ayQ,C2SMessage28603,ash,sht,prim
BI,C2SMessage28605,lc,lng,prim
aGO,C2SMessage28607,lc,lng,prim
aGO,C2SMessage28607,Ho,lng2,prim
aGO,C2SMessage28607,Gm,sht,prim
aGO,C2SMessage28607,Hp,num,prim
Bt,C2SMessage28609,lc,lng,prim
Bt,C2SMessage28609,Ho,lng2,prim
Bt,C2SMessage28609,Gm,sht,prim
ly,C2SMessage28611,lc,lng,prim
ly,C2SMessage28611,Ho,lng2,prim
ly,C2SMessage28611,Gm,sht,prim
aFG,C2SMessage28617,lc,lng,prim
kx,C2SMessage28633,lc,lng,prim
kx,C2SMessage28633,Ex,bt,prim
aeC,C2SMessage28635,lc,lng,prim
aeC,C2SMessage28635,ata,bt,prim
aeC,C2SMessage28635,coY,bt2,prim
aeC,C2SMessage28635,coZ,lng2,prim
alF,C2SMessage28649,lc,lng,prim
alF,C2SMessage28649,bhZ,num,prim
alF,C2SMessage28649,aiK,str,prim
aFQ,C2SMessage3159,bY,str,prim
aux,C2SMessage3161,BK,lng,prim
aux,C2SMessage3161,bY,str,prim
ak,C2SMessage3199,bY,str,prim
ak,C2SMessage3199,bZ,lng,prim
Gs,C2SMessage4512,bbc,num,prim
aiK,C2SMessage4607,lc,lng,prim
aiK,C2SMessage4607,Ho,lng2,prim
aiK,C2SMessage4607,Gm,sht,prim
aiK,C2SMessage4607,Hp,num,prim
uq,C2SMessage501,js,bt,prim
uq,C2SMessage501,Pk,lng,prim
uq,C2SMessage501,aqp,str,prim
uq,C2SMessage501,aqq,lng2,prim
cG,C2SMessage503,js,bt,prim
cG,C2SMessage503,jt,flag,prim
cG,C2SMessage503,ju,str,prim
cG,C2SMessage503,jv,str2,prim
nP,C2SMessage505,Pk,lng,prim
nP,C2SMessage505,Pl,lng2,prim
atM,C2SMessage509,js,bt,prim
atM,C2SMessage509,jv,str,prim
awR,C2SMessage511,Pk,lng,prim
wt,C2SMessage513,Pk,lng,prim
wt,C2SMessage513,jv,str,prim
auZ,C2SMessage517,cYp,lng,prim
aDD,C2SMessage519,bZ,lng,prim
ajm,C2SMessage5204,Hp,num,prim
aHG,C2SMessage5490,GY,numArr,prim
MX,C2SMessage551,bZ,lng,prim
MX,C2SMessage551,byA,sht,prim
MX,C2SMessage551,byB,num,prim
MX,C2SMessage551,byC,num2,prim
aBO,C2SMessage553,bZ,lng,prim
aBO,C2SMessage553,bzu,num,prim
Nr,C2SMessage555,bZ,lng,prim
Nr,C2SMessage555,bny,sht,prim
Nr,C2SMessage555,bzt,sht2,prim
Nr,C2SMessage555,bzu,num,prim
Ko,C2SMessage557,bZ,lng,prim
Ko,C2SMessage557,bny,sht,prim
Qp,C2SMessage6013,aj,lng,prim
Qp,C2SMessage6013,bGe,sht,prim
Qp,C2SMessage6013,bGf,sht2,prim
Qp,C2SMessage6013,sB,lng2,prim
ir,C2SMessage6024,yk,lng,prim
ir,C2SMessage6024,yl,lng2,prim
abB,C2SMessage6026,cit,flag,prim
abB,C2SMessage6026,yk,lng,prim
abB,C2SMessage6026,yl,lng2,prim
abB,C2SMessage6026,fA,sht,prim
alD,CalendarMessage17008,byq,arrayList,prim
zB,CalendarMessageHandler,aFF,calendarMessageHandler,ref-type
xB,ChannelContentMessage,jg,str,prim
xB,ChannelContentMessage,jz,str2,prim
xB,ChannelContentMessage,bY,str3,prim
By,ChannelFlagsMessage,jg,str,prim
By,ChannelFlagsMessage,CZ,bt,prim
cz,ChannelJoinMessage,jg,str,prim
cz,ChannelJoinMessage,jh,str2,prim
cz,ChannelJoinMessage,ji,bt,prim
Bs,ChannelLeaveMessage,jg,str,prim
Bs,ChannelLeaveMessage,aIQ,memberName,accessor
Uy,ChannelMemberFlagsMessage,jg,str,prim
Uy,ChannelMemberFlagsMessage,aIQ,memberName,accessor
Uy,ChannelMemberFlagsMessage,CZ,bt,prim
atO,ChannelMemberKickMessage,jg,str,prim
atO,ChannelMemberKickMessage,aIQ,memberName,accessor
atO,ChannelMemberKickMessage,cUw,str2,prim
AX,ChannelMembersMessage,jg,str,prim
AX,ChannelMembersMessage,aIt,btArr,prim
qV,ChannelNotFoundMessage,jg,str,prim
GO,ChatMessage16385,GS,str,prim
GO,ChatMessage16385,GT,password,accessor
GO,ChatMessage16385,bct,flag,prim
QU,ChatMessageHandler,bHW,chatMessageHandler,ref-type
aAp,ChatMessageHandler_1,dpk,chatMessageHandler_1,ref-type
oM,ChatMessageHandler_2,aaP,chatMessageHandler_2,ref-type
wP,ChatMessageHandler_3,avz,chatMessageHandler_3,ref-type
wP,ChatMessageHandler_3,avA,flt,prim
wP,ChatMessageHandler_3,avB,lng,prim
wP,ChatMessageHandler_3,avC,flag,prim
WH,ChatUserFlagsMessage,IC,userName,accessor
WH,ChatUserFlagsMessage,CZ,bt,prim
BU,ClientAuthenticationMessage,GS,str,prim
BU,ClientAuthenticationMessage,GT,password,accessor
aAD,CloseCombatMessage,BK,lng,prim
aAD,CloseCombatMessage,bLA,num,prim
aAD,CloseCombatMessage,bLB,num2,prim
aAD,CloseCombatMessage,bLC,sht,prim
aAD,CloseCombatMessage,cPq,flag,prim
aAD,CloseCombatMessage,cPr,flag2,prim
aso,CloseCombatRequestMessage,aj,lng,prim
aso,CloseCombatRequestMessage,bLA,num,prim
aso,CloseCombatRequestMessage,bLB,num2,prim
aso,CloseCombatRequestMessage,bLC,sht,prim
Az,CoachCreationResultMessage,aV,bt,prim
YZ,CoachEquipmentUpdateMessage,cbX,btArr,prim
YZ,CoachEquipmentUpdateMessage,sB,lng,prim
aEl,CoachEquipmentUpdateRequestMessage,dzH,numArr,prim
aIr,CoachInventoryUpdateMessage,dPN,list,prim
aIr,CoachInventoryUpdateMessage,dPP,list2,prim
FH,CoachInventoryUpdateRequestMessage,aVl,arrayList,prim
HM,CoachMessageHandler,bfx,coachMessageHandler,ref-type
PQ,CoachMessageHandler_1,bEt,coachMessageHandler_1,ref-type
RB,CoachMessageHandler_2,bJt,coachMessageHandler_2,ref-type
ajo,CoachMessageHandler_3,cAl,coachMessageHandler_3,ref-type
ajo,CoachMessageHandler_3,cAm,arrayList,prim
ajo,CoachMessageHandler_3,cAn,arrayList2,prim
ajo,CoachMessageHandler_3,by,arrayList3,prim
ajo,CoachMessageHandler_3,bz,arrayList4,prim
ajo,CoachMessageHandler_3,cAo,flag,prim
ajo,CoachMessageHandler_3,ceE,num,prim
ajo,CoachMessageHandler_3,cAp,flag2,prim
ajo,CoachMessageHandler_3,cAq,num2,prim
ajo,CoachMessageHandler_3,cAr,lng,prim
aoG,CoachMessageHandler_4,cLf,coachMessageHandler_4,ref-type
mG,CoachMessageHandler_5,Ln,coachMessageHandler_5,ref-type
lo,CombatMessage106,GV,bt,prim
DO,CombatMessageHandler,aOo,combatMessageHandler,ref-type
NB,CombatMessageHandler_1,bAb,combatMessageHandler_1,ref-type
of,CombatMessageHandler_10,QL,combatMessageHandler_10,ref-type
Qn,CombatMessageHandler_2,bGd,combatMessageHandler_2,ref-type
S,CombatMessageHandler_3,be,combatMessageHandler_3,ref-type
S,CombatMessageHandler_3,bi,num,prim
S,CombatMessageHandler_3,bj,num2,prim
S,CombatMessageHandler_3,bk,num3,prim
S,CombatMessageHandler_3,bl,num4,prim
S,CombatMessageHandler_3,bn,flag,prim
WE,CombatMessageHandler_4,bUL,combatMessageHandler_4,ref-type
aNx,CombatMessageHandler_5,dZq,combatMessageHandler_5,ref-type
aNx,CombatMessageHandler_5,dZr,lng,prim
aNx,CombatMessageHandler_5,dZs,num,prim
aNx,CombatMessageHandler_5,dZt,num2,prim
aNx,CombatMessageHandler_5,agL,lng2,prim
afb,CombatMessageHandler_6,cqj,combatMessageHandler_6,ref-type
afb,CombatMessageHandler_6,aj,lng,prim
akS,CombatMessageHandler_7,cEj,combatMessageHandler_7,ref-type
avu,CombatMessageHandler_8,dem,combatMessageHandler_8,ref-type
avu,CombatMessageHandler_8,deo,flag,prim
azL,CombatMessageHandler_9,doJ,combatMessageHandler_9,ref-type
Yy,ConnectionMessageHandler_1,cbg,connectionMessageHandler_1,ref-type
apN,ConnectionMessageHandler_3,cNu,connectionMessageHandler_3,ref-type
apN,ConnectionMessageHandler_3,cNv,flag,prim
apN,ConnectionMessageHandler_3,cNw,flag2,prim
by,ConnectionMessageHandler_4,gN,connectionMessageHandler_4,ref-type
aNb,CreateFighterInformationRequestMessage,czC,flag,prim
aNb,CreateFighterInformationRequestMessage,fO,sht,prim
aiY,CreationFighterInformationMessage,aV,bt,prim
aiY,CreationFighterInformationMessage,sB,lng,prim
aiY,CreationFighterInformationMessage,czC,flag,prim
aiY,CreationFighterInformationMessage,fO,sht,prim
OT,DeleteFighterInformationRequestMessage,aj,lng,prim
OT,DeleteFighterInformationRequestMessage,fO,sht,prim
aAd,DeleteTeamPresetRequestMessage,Ho,lng,prim
aAd,DeleteTeamPresetRequestMessage,Gm,sht,prim
aAd,DeleteTeamPresetRequestMessage,fA,sht2,prim
DQ,DeletionFighterInformationMessage,aV,bt,prim
DQ,DeletionFighterInformationMessage,aOp,lng,prim
DQ,DeletionFighterInformationMessage,aOq,lng2,prim
agH,DeletionTeamPresetMessage,aV,bt,prim
agH,DeletionTeamPresetMessage,Gm,sht,prim
aqb,DisconnectionNotificationMessage,cNM,btArr,prim
jD,EffectAreaActionMessage,Bd,lng,prim
jD,EffectAreaActionMessage,Be,lng2,prim
jD,EffectAreaActionMessage,Bf,lng3,prim
jD,EffectAreaActionMessage,Bg,flag,prim
YP,EndFightMessage,cbE,flag,prim
YP,EndFightMessage,bw,arrayList,prim
YP,EndFightMessage,bx,arrayList2,prim
YP,EndFightMessage,by,arrayList3,prim
YP,EndFightMessage,bz,arrayList4,prim
YP,EndFightMessage,cbG,num,prim
YP,EndFightMessage,cbH,bt,prim
YP,EndFightMessage,cbI,bt2,prim
aEC,EnterInstanceMessage,dBv,flt,prim
aEC,EnterInstanceMessage,dBw,flt2,prim
aEC,EnterInstanceMessage,nG,sht,prim
aEC,EnterInstanceMessage,dBx,sht2,prim
aEC,EnterInstanceMessage,dBy,dynamic,accessor
Vr,ExchangeMessage16801,ap,lng,prim
CP,ExchangeMessageHandler,aMP,exchangeMessageHandler,ref-type
Kv,ExchangeMessageHandler_1,bnL,exchangeMessageHandler_1,ref-type
PG,ExchangeMessageHandler_2,bEh,exchangeMessageHandler_2,ref-type
aBv,ExchangeMessageHandler_3,drt,exchangeMessageHandler_3,ref-type
aMQ,ExchangeMessageHandler_4,dYJ,exchangeMessageHandler_4,ref-type
aMQ,ExchangeMessageHandler_4,dYK,lng,prim
aMQ,ExchangeMessageHandler_4,agL,lng2,prim
lg,ExchangeMessageHandler_5,Gl,exchangeMessageHandler_5,ref-type
lg,ExchangeMessageHandler_5,Gm,sht,prim
aAt,FightCreationMessage,aV,bt,prim
aAt,FightCreationMessage,dpl,btArr,prim
ue,FightServerToClientMessage,apu,num,prim
lR,FighterActorDirectionChangeRequestMessage,aj,lng,prim
md,FighterActorMovementRequestMessage,aj,lng,prim
arn,FighterCardUseMessage,BK,lng,prim
arn,FighterCardUseMessage,bLA,num,prim
arn,FighterCardUseMessage,bLB,num2,prim
arn,FighterCardUseMessage,bLC,sht,prim
arn,FighterCardUseMessage,cPq,flag,prim
arn,FighterCardUseMessage,cPr,flag2,prim
SG,FighterCardUseRequestMessage,aj,lng,prim
SG,FighterCardUseRequestMessage,bnc,num,prim
SG,FighterCardUseRequestMessage,bLA,num2,prim
SG,FighterCardUseRequestMessage,bLB,num3,prim
SG,FighterCardUseRequestMessage,bLC,sht,prim
u,FighterChangeDirectionMessage,aj,lng,prim
cD,FighterDiesMessage,aj,lng,prim
rC,FighterEndTurnRequestMessage,aj,lng,prim
JT,FighterInformationListMessage,bmN,lng,prim
yR,FighterMoveMessage,aDU,num,prim
yR,FighterMoveMessage,aj,lng,prim
acg,FighterTackledMessage,cjr,lng,prim
acg,FighterTackledMessage,cjs,lng2,prim
Kw,FighterTurnBeginMessage,aj,lng,prim
TJ,FighterTurnEndMessage,aj,lng,prim
Kz,FriendAddedMessage,abZ,str,prim
Kz,FriendAddedMessage,aca,str2,prim
Kz,FriendAddedMessage,bnX,lng,prim
Kz,FriendAddedMessage,bnY,sht,prim
Kz,FriendAddedMessage,bnZ,bt,prim
Kz,FriendAddedMessage,boa,sht2,prim
aAf,FriendListMessage,doV,arrayList,prim
aDw,FriendRemovedMessage,abZ,str,prim
LH,GuildMessageHandler,bsf,guildMessageHandler,ref-type
aef,GuildMessageHandler_1,coc,guildMessageHandler_1,ref-type
au,GuildMessageHandler_2,cj,guildMessageHandler_2,ref-type
zN,GuildMessageHandler_3,aGf,flag,prim
zN,GuildMessageHandler_3,aGg,guildMessageHandler_3,ref-type
FT,IgnoreAddedMessage,bak,str,prim
FT,IgnoreAddedMessage,aca,str2,prim
aBh,IgnoreListMessage,drb,arrayList,prim
ahm,IgnoreRemovedMessage,bak,str,prim
oQ,InvalidClientVersionMessage,aaT,btArr,prim
ahJ,ItemExchangeCardAddedMessage,mw,lng,prim
asH,ItemExchangeCardRemovedMessage,mw,lng,prim
asH,ItemExchangeCardRemovedMessage,mx,bt,prim
any,ItemExchangeEndMessage,mw,lng,prim
TW,ItemExchangeInvitationAnswerMessage,mw,lng,prim
TW,ItemExchangeInvitationAnswerMessage,bOW,bt,prim
Ul,ItemExchangeInvitationConfirmationMessage,bPI,bt,prim
Ul,ItemExchangeInvitationConfirmationMessage,mw,lng,prim
Ul,ItemExchangeInvitationConfirmationMessage,bPJ,lng2,prim
UO,ItemExchangeInvitationMessage,mw,lng,prim
UO,ItemExchangeInvitationMessage,bRF,lng2,prim
UO,ItemExchangeInvitationMessage,bRG,str,prim
fW,ItemExchangeInvitationRequestMessage,sa,lng,prim
aaz,ItemExchangeUserReadyMessage,mw,lng,prim
aaz,ItemExchangeUserReadyMessage,mx,bt,prim
aFl,LadderMessageHandler,dGl,ladderMessageHandler,ref-type
aFl,LadderMessageHandler,dGm,num,prim
aFl,LadderMessageHandler,dGn,num2,prim
aFl,LadderMessageHandler,dGo,num3,prim
aFl,LadderMessageHandler,dGp,num4,prim
aFl,LadderMessageHandler,dGq,num5,prim
aFl,LadderMessageHandler,dGr,num6,prim
aFl,LadderMessageHandler,dDC,num7,prim
aFl,LadderMessageHandler,dGs,num8,prim
aFl,LadderMessageHandler,dGt,num9,prim
aFl,LadderMessageHandler,dGu,num10,prim
aFl,LadderMessageHandler,dGv,num11,prim
aFl,LadderMessageHandler,dGw,sht,prim
aFl,LadderMessageHandler,dGx,lng,prim
aFl,LadderMessageHandler,dGy,num12,prim
aFl,LadderMessageHandler,dGz,bt,prim
aFl,LadderMessageHandler,dGA,bt2,prim
aFl,LadderMessageHandler,dGB,bt3,prim
aFl,LadderMessageHandler,dGC,bt4,prim
aFl,LadderMessageHandler,dnY,num13,prim
aFl,LadderMessageHandler,dnZ,num14,prim
aFl,LadderMessageHandler,doa,num15,prim
aFl,LadderMessageHandler,dGD,num16,prim
aFl,LadderMessageHandler,bhS,num17,prim
aFl,LadderMessageHandler,blF,num18,prim
aFl,LadderMessageHandler,blG,num19,prim
aFl,LadderMessageHandler,blH,num20,prim
aFl,LadderMessageHandler,bQW,bt5,prim
aFl,LadderMessageHandler,bQX,bt6,prim
aFl,LadderMessageHandler,bQY,sht2,prim
aFl,LadderMessageHandler,bQZ,num21,prim
aFl,LadderMessageHandler,bRa,num22,prim
aFl,LadderMessageHandler,bRb,num23,prim
aFl,LadderMessageHandler,bRc,num24,prim
aFl,LadderMessageHandler,bRd,num25,prim
aFl,LadderMessageHandler,bRe,num26,prim
aFl,LadderMessageHandler,bRf,num27,prim
aFl,LadderMessageHandler,bRj,num28,prim
aFl,LadderMessageHandler,bRk,num29,prim
aFl,LadderMessageHandler,bRl,num30,prim
aFl,LadderMessageHandler,bRm,num31,prim
aFl,LadderMessageHandler,bRq,num32,prim
aFl,LadderMessageHandler,bRr,num33,prim
aFl,LadderMessageHandler,bRs,num34,prim
aFl,LadderMessageHandler,bRt,num35,prim
aFl,LadderMessageHandler,dGF,num36,prim
aFl,LadderMessageHandler,dGG,num37,prim
aFl,LadderMessageHandler,dGH,num38,prim
aFl,LadderMessageHandler,dGI,num39,prim
aFl,LadderMessageHandler,cIs,num40,prim
aFl,LadderMessageHandler,bXy,num41,prim
aFl,LadderMessageHandler,dGJ,num42,prim
aFl,LadderMessageHandler,dGK,num43,prim
aFl,LadderMessageHandler,dGL,num44,prim
aFl,LadderMessageHandler,dGM,num45,prim
aFl,LadderMessageHandler,dGN,num46,prim
aFl,LadderMessageHandler,dGO,num47,prim
aFl,LadderMessageHandler,dGP,num48,prim
aFl,LadderMessageHandler,dGQ,str,prim
aFl,LadderMessageHandler,dGR,str2,prim
aHg,LadderMessageHandler_1,dKl,ladderMessageHandler_1,ref-type
aHg,LadderMessageHandler_1,dKm,num,prim
aHg,LadderMessageHandler_1,dKn,num2,prim
aHg,LadderMessageHandler_1,dKo,num3,prim
aHg,LadderMessageHandler_1,dKp,num4,prim
aHg,LadderMessageHandler_1,dKq,num5,prim
aHg,LadderMessageHandler_1,dKr,num6,prim
aHg,LadderMessageHandler_1,dKs,num7,prim
aHg,LadderMessageHandler_1,dKt,num8,prim
aHg,LadderMessageHandler_1,dKu,num9,prim
aHg,LadderMessageHandler_1,dKv,num10,prim
aHg,LadderMessageHandler_1,dKw,num11,prim
aHg,LadderMessageHandler_1,dKx,num12,prim
aHg,LadderMessageHandler_1,dKy,num13,prim
aHg,LadderMessageHandler_1,dKz,num14,prim
aHg,LadderMessageHandler_1,dKA,num15,prim
aHg,LadderMessageHandler_1,dKB,num16,prim
aHg,LadderMessageHandler_1,dKC,num17,prim
aHg,LadderMessageHandler_1,dKD,num18,prim
aHg,LadderMessageHandler_1,dKE,num19,prim
aHg,LadderMessageHandler_1,dKF,num20,prim
aHg,LadderMessageHandler_1,dKG,num21,prim
aHg,LadderMessageHandler_1,dKH,num22,prim
aHg,LadderMessageHandler_1,dKI,num23,prim
aHg,LadderMessageHandler_1,dKJ,num24,prim
aHg,LadderMessageHandler_1,dKK,num25,prim
aHg,LadderMessageHandler_1,dKL,num26,prim
aHg,LadderMessageHandler_1,dKM,num27,prim
aHg,LadderMessageHandler_1,dKN,num28,prim
aHg,LadderMessageHandler_1,dKO,num29,prim
aHg,LadderMessageHandler_1,dKP,num30,prim
aHg,LadderMessageHandler_1,dKQ,num31,prim
aHg,LadderMessageHandler_1,dKR,num32,prim
aHg,LadderMessageHandler_1,dKS,num33,prim
aHg,LadderMessageHandler_1,dKT,num34,prim
aHg,LadderMessageHandler_1,dKU,num35,prim
aHg,LadderMessageHandler_1,dKV,num36,prim
aHg,LadderMessageHandler_1,bjq,lng,prim
aHg,LadderMessageHandler_1,dEN,lng2,prim
ll,LoginMessage,GS,str,prim
ll,LoginMessage,GT,password,accessor
Vu,MatchmakingMessageHandler,bSz,matchmakingMessageHandler,ref-type
agq,MatchmakingMessageHandler_1,cuf,matchmakingMessageHandler_1,ref-type
fT,MatchmakingMessageHandler_2,rY,matchmakingMessageHandler_2,ref-type
jR,MatchmakingMessageHandler_3,CS,matchmakingMessageHandler_3,ref-type
vV,MatchmakingMessageHandler_4,aua,matchmakingMessageHandler_4,ref-type
wg,MatchmakingMessageHandler_5,auk,matchmakingMessageHandler_5,ref-type
wp,MatchmakingMessageHandler_6,aux,matchmakingMessageHandler_6,ref-type
Ez,MemberNotFoundMessage,aIQ,memberName,accessor
lK,MoveToFreePlacementMessage,aj,lng,prim
lK,MoveToFreePlacementMessage,nE,num,prim
lK,MoveToFreePlacementMessage,nF,num2,prim
lK,MoveToFreePlacementMessage,nG,sht,prim
adN,MoveToFreePlacementRequestMessage,aj,lng,prim
adN,MoveToFreePlacementRequestMessage,nE,num,prim
adN,MoveToFreePlacementRequestMessage,nF,num2,prim
adN,MoveToFreePlacementRequestMessage,nG,sht,prim
Jg,NewTableTurnBeginMessage,bjt,bt,prim
pv,NotificationFriendOfflineMessage,abZ,str,prim
pv,NotificationFriendOfflineMessage,aca,str2,prim
Dh,NotificationFriendOnlineMessage,abZ,str,prim
Dh,NotificationFriendOnlineMessage,aca,str2,prim
Dh,NotificationFriendOnlineMessage,BK,lng,prim
Dh,NotificationFriendOnlineMessage,aNr,str3,prim
Dh,NotificationFriendOnlineMessage,aNs,sht,prim
Dh,NotificationFriendOnlineMessage,aNt,lng2,prim
Dh,NotificationFriendOnlineMessage,zv,bt,prim
Jf,NotificationIgnoreOfflineMessage,bak,str,prim
jH,NotificationIgnoreOnlineMessage,BJ,str,prim
jH,NotificationIgnoreOnlineMessage,BK,lng,prim
bk,OpponentFoundMessage,fz,lng,prim
bk,OpponentFoundMessage,fA,sht,prim
Tj,OpponentSearchCancelResultMessage,aV,bt,prim
aPa,OpponentSearchErrorMessage,aV,bt,prim
aGp,OpponentSearchRequestMessage,fA,sht,prim
aGp,OpponentSearchRequestMessage,fO,sht2,prim
azS,PartyMessage16802,ap,lng,prim
uG,PartyMessageHandler,aqK,partyMessageHandler,ref-type
uG,PartyMessageHandler,aqL,flag,prim
yq,PartyMessageHandler_1,aCm,partyMessageHandler_1,ref-type
aIS,PrivateContentMessage,jz,str,prim
aIS,PrivateContentMessage,jA,lng,prim
aIS,PrivateContentMessage,bY,str2,prim
afY,PropertyItemMessage,bEp,propertyName,accessor
afY,PropertyItemMessage,csZ,num,prim
afY,PropertyItemMessage,cta,str,prim
afY,PropertyItemMessage,ctb,num2,prim
afY,PropertyItemMessage,ctc,bt,prim
afY,PropertyItemMessage,ctd,sht,prim
afY,PropertyItemMessage,cte,intValue,accessor
afY,PropertyItemMessage,ctf,longValue,accessor
afY,PropertyItemMessage,ctg,doubleValue,accessor
afY,PropertyItemMessage,cth,floatValue,accessor
afY,PropertyItemMessage,cti,stringValue,accessor
PN,PropertyQueryMessage,bEp,propertyName,accessor
PU,ProxyMessage0,ayx,stringValue,accessor
PU,ProxyMessage0,bEE,arrayList,prim
PU,ProxyMessage0,uA,children,accessor
Zo,ProxyMessage0_1,ayx,stringValue,accessor
Fp,ProxyMessage1,pos,num,prim
auQ,ProxyMessage1024,cWU,bt,prim
auQ,ProxyMessage1024,cWV,errorMessage,accessor
auQ,ProxyMessage1024,cWW,errorCode,accessor
PV,ProxyMessage16600,ap,lng,prim
PV,ProxyMessage16600,fA,sht,prim
KD,ProxyMessage16617,Gm,sht,prim
eV,ProxyMessage16636,pX,str,prim
CX,ProxyMessage19000,sI,message,accessor
asg,ProxyMessage19001,cRc,flag,prim
asg,ProxyMessage19001,bya,num,prim
ajV,ProxyMessage1_1,uM,sht,prim
ajV,ProxyMessage1_1,uN,lng,prim
ajV,ProxyMessage1_1,uO,btArr,prim
ahn,ProxyMessage23051,ap,lng,prim
zI,ProxyMessage23111,ap,lng,prim
ado,ProxyMessage30000,cbD,num,prim
ado,ProxyMessage30000,bk,num2,prim
ado,ProxyMessage30000,bl,num3,prim
aBu,ProxyMessage30001,bk,num,prim
aBu,ProxyMessage30001,bl,num2,prim
acl,ProxyMessage30002,cbD,num,prim
AO,ProxyMessageHandler,aIh,proxyMessageHandler,ref-type
Bo,ProxyMessageHandler_1,aIP,proxyMessageHandler_1,ref-type
ae,ProxyMessageHandler_10,bE,str,prim
ae,ProxyMessageHandler_10,bF,fltArr,prim
ae,ProxyMessageHandler_10,bG,fltArr2,prim
ae,ProxyMessageHandler_10,bH,proxyMessageHandler_10,ref-type
ayf,ProxyMessageHandler_11,dkI,proxyMessageHandler_11,ref-type
fK,ProxyMessageHandler_12,rN,proxyMessageHandler_12,ref-type
fc,ProxyMessageHandler_13,qc,proxyMessageHandler_13,ref-type
ju,ProxyMessageHandler_15,AA,proxyMessageHandler_15,ref-type
lr,ProxyMessageHandler_16,Ha,proxyMessageHandler_16,ref-type
CJ,ProxyMessageHandler_2,aMJ,proxyMessageHandler_2,ref-type
HG,ProxyMessageHandler_3,bfo,proxyMessageHandler_3,ref-type
Mq,ProxyMessageHandler_4,btQ,proxyMessageHandler_4,ref-type
PE,ProxyMessageHandler_5,bEe,proxyMessageHandler_5,ref-type
PL,ProxyMessageHandler_6,bEj,btArr,prim
PL,ProxyMessageHandler_6,bEk,proxyMessageHandler_6,ref-type
aLV,ProxyMessageHandler_8,dXi,proxyMessageHandler_8,ref-type
aOG,ProxyMessageHandler_9,emF,proxyMessageHandler_9,ref-type
aPg,ReconnectionTicketMessage,aeQ,btArr,prim
tI,ReconnectionTicketMessage_1,anY,flag,prim
po,ReconnectionTicketRequestMessage,aV,bt,prim
tL,ReconnectionTicketRequestMessage_1,aeQ,btArr,prim
nu,ReconnectionTicketRequestResultMessage,Oy,flag,prim
aym,RemoveFriendMessage,abZ,str,prim
aEr,RemoveIgnoreMessage,bak,str,prim
Uk,ResultMessage,bPG,bt,prim
Uk,ResultMessage,bPH,num,prim
amB,RunningEffectActionMessage,bKK,num,prim
amB,RunningEffectActionMessage,cHL,flag,prim
amB,RunningEffectActionMessage,cHM,flag2,prim
amB,RunningEffectActionMessage,Nx,num2,prim
es,S2CMessage100,oC,bt,prim
es,S2CMessage100,nO,sht,prim
es,S2CMessage100,oD,sht2,prim
es,S2CMessage100,oE,num,prim
Ja,S2CMessage102,biZ,bt,prim
Ja,S2CMessage102,sI,message,accessor
qR,S2CMessage103,afy,num,prim
Ve,S2CMessage105,biZ,bt,prim
Ve,S2CMessage105,sI,message,accessor
Ve,S2CMessage105,abb,num,prim
ayV,S2CMessage15001,dmR,arrayList,prim
Eh,S2CMessage15003,aQb,lng,prim
WT,S2CMessage15005,bWc,bt,prim
cb,S2CMessage15007,ia,lng,prim
cb,S2CMessage15007,ib,lng2,prim
aFJ,S2CMessage15507,sB,lng,prim
awa,S2CMessage17003,byq,arrayList,prim
TT,S2CMessage202,gY,lng,prim
TT,S2CMessage202,bOS,btArr,prim
aCC,S2CMessage206,duz,arrayList,prim
nj,S2CMessage2070,sI,message,accessor
aDE,S2CMessage22000,Oo,sht,prim
axA,S2CMessage22092,axC,lng,prim
axA,S2CMessage22092,UF,sht,prim
lA,S2CMessage22094,Hp,num,prim
lA,S2CMessage22094,Hq,num2,prim
lA,S2CMessage22094,Hr,num3,prim
lA,S2CMessage22094,Hs,num4,prim
lA,S2CMessage22094,Ht,lng,prim
WV,S2CMessage2261,bWd,flag,prim
wF,S2CMessage23002,jy,flag,prim
aMH,S2CMessage23004,Gm,sht,prim
aMH,S2CMessage23004,jy,flag,prim
KL,S2CMessage23008,aV,bt,prim
BX,S2CMessage2307,anl,lng,prim
BX,S2CMessage2307,aiK,str,prim
BX,S2CMessage2307,aKm,str2,prim
BX,S2CMessage2307,aKn,sht,prim
cJ,S2CMessage2309,jy,flag,prim
aDA,S2CMessage23102,jy,flag,prim
aLi,S2CMessage23104,Gm,sht,prim
aLi,S2CMessage23104,jy,flag,prim
M,S2CMessage23108,aV,bt,prim
tB,S2CMessage23110,anl,lng,prim
tB,S2CMessage23110,aiK,str,prim
tB,S2CMessage23110,anm,str2,prim
tB,S2CMessage23110,Ho,lng2,prim
tB,S2CMessage23110,Gm,sht,prim
tB,S2CMessage23110,fA,sht2,prim
aku,S2CMessage23112,jy,flag,prim
az,S2CMessage25000,aV,bt,prim
Kq,S2CMessage2601,aiK,str,prim
Kq,S2CMessage2601,sB,lng,prim
wU,S2CMessage26300,ap,lng,prim
wU,S2CMessage26300,avO,flag,prim
wU,S2CMessage26300,acR,flag2,prim
wU,S2CMessage26300,atc,arrayList,prim
pU,S2CMessage26302,ap,lng,prim
pU,S2CMessage26302,acR,flag,prim
gZ,S2CMessage26304,ap,lng,prim
Nx,S2CMessage26310,fz,lng,prim
Nx,S2CMessage26310,bzT,bt,prim
axr,S2CMessage26312,aV,bt,prim
ahV,S2CMessage26314,cxh,str,prim
ahV,S2CMessage26314,fO,sht,prim
ahV,S2CMessage26314,pX,str2,prim
ahV,S2CMessage26314,ap,lng,prim
azD,S2CMessage27501,dnX,num,prim
azD,S2CMessage27501,dnY,num2,prim
azD,S2CMessage27501,dnZ,num3,prim
azD,S2CMessage27501,doa,num4,prim
azD,S2CMessage27501,dob,arrayList,prim
azD,S2CMessage27501,bhR,arrayList2,prim
azD,S2CMessage27501,blP,flag,prim
IJ,S2CMessage27503,bhR,arrayList,prim
IJ,S2CMessage27503,fA,sht,prim
IJ,S2CMessage27503,bhS,num,prim
IJ,S2CMessage27503,bhT,arrayList2,prim
aKa,S2CMessage27505,blF,num,prim
aKa,S2CMessage27505,blG,num2,prim
aKa,S2CMessage27505,blH,num3,prim
aKa,S2CMessage27505,blK,arrayList,prim
aKa,S2CMessage27505,dTd,arrayList2,prim
aKa,S2CMessage27505,blL,arrayList3,prim
aKa,S2CMessage27505,blP,flag,prim
UJ,S2CMessage27507,bQW,bt,prim
UJ,S2CMessage27507,bQX,bt2,prim
UJ,S2CMessage27507,bQY,sht,prim
UJ,S2CMessage27507,bQZ,num,prim
UJ,S2CMessage27507,bRa,num2,prim
UJ,S2CMessage27507,bRb,num3,prim
UJ,S2CMessage27507,bRc,num4,prim
UJ,S2CMessage27507,bRd,num5,prim
UJ,S2CMessage27507,bRe,num6,prim
UJ,S2CMessage27507,bRf,num7,prim
UJ,S2CMessage27507,bRg,arrayList,prim
UJ,S2CMessage27507,bRi,flag,prim
UJ,S2CMessage27507,bRj,num8,prim
UJ,S2CMessage27507,bRk,num9,prim
UJ,S2CMessage27507,bRl,num10,prim
UJ,S2CMessage27507,bRm,num11,prim
UJ,S2CMessage27507,bRn,arrayList2,prim
UJ,S2CMessage27507,bRp,flag2,prim
UJ,S2CMessage27507,bRq,num12,prim
UJ,S2CMessage27507,bRr,num13,prim
UJ,S2CMessage27507,bRs,num14,prim
UJ,S2CMessage27507,bRt,num15,prim
UJ,S2CMessage27507,bRu,arrayList3,prim
UJ,S2CMessage27507,bRw,flag3,prim
Jw,S2CMessage27509,blF,num,prim
Jw,S2CMessage27509,blG,num2,prim
Jw,S2CMessage27509,blH,num3,prim
Jw,S2CMessage27509,blI,num4,prim
Jw,S2CMessage27509,blK,arrayList,prim
Jw,S2CMessage27509,blL,arrayList2,prim
Jw,S2CMessage27509,bhR,arrayList3,prim
Jw,S2CMessage27509,blP,flag,prim
anc,S2CMessage27511,cIr,sht,prim
anc,S2CMessage27511,fA,sht2,prim
anc,S2CMessage27511,cIs,num,prim
anc,S2CMessage27511,bhR,arrayList,prim
anc,S2CMessage27511,cIv,lng,prim
Xn,S2CMessage27513,fA,sht,prim
Xn,S2CMessage27513,bXy,num,prim
Xn,S2CMessage27513,bhR,arrayList,prim
aMU,S2CMessage27515,dGN,num,prim
aMU,S2CMessage27515,dnY,num2,prim
aMU,S2CMessage27515,dGL,num3,prim
aMU,S2CMessage27515,dGM,num4,prim
aMU,S2CMessage27515,dGO,num5,prim
aMU,S2CMessage27515,dYP,arrayList,prim
aMU,S2CMessage27515,bhR,arrayList2,prim
aMU,S2CMessage27515,blP,flag,prim
jg,S2CMessage27526,zs,btArr,prim
jg,S2CMessage27526,zt,bt,prim
jg,S2CMessage27526,zu,bt2,prim
jg,S2CMessage27526,zv,bt3,prim
jg,S2CMessage27526,zw,btArr2,prim
jg,S2CMessage27526,sB,lng,prim
EQ,S2CMessage27528,zs,btArr,prim
EQ,S2CMessage27528,aTR,flag,prim
auE,S2CMessage28604,lc,lng,prim
aik,S2CMessage28606,jy,flag,prim
dy,S2CMessage28608,lc,lng,prim
dy,S2CMessage28608,aV,bt,prim
De,S2CMessage28610,jy,flag,prim
DR,S2CMessage28612,lc,lng,prim
DR,S2CMessage28612,Gm,sht,prim
DR,S2CMessage28612,jy,flag,prim
azJ,S2CMessage28614,lc,lng,prim
kw,S2CMessage28616,aV,bt,prim
kw,S2CMessage28616,Ew,bt2,prim
aHd,S2CMessage28618,lc,lng,prim
Yq,S2CMessage28620,LA,bt,prim
Yq,S2CMessage28620,fz,lng,prim
Yq,S2CMessage28620,bOp,lngArr,prim
Yq,S2CMessage28620,bOq,strArr,prim
Yq,S2CMessage28620,BF,str,prim
UW,S2CMessage28622,bRX,arrayList,prim
DG,S2CMessage28630,lc,lng,prim
DG,S2CMessage28630,aOd,flag,prim
aCN,S2CMessage28634,jy,flag,prim
aIG,S2CMessage28636,jy,flag,prim
aaJ,S2CMessage28644,lc,lng,prim
aaJ,S2CMessage28644,cgB,lng2,prim
aNq,S2CMessage28646,lc,lng,prim
aNq,S2CMessage28646,coZ,lng2,prim
df,S2CMessage28648,lc,lng,prim
df,S2CMessage28648,ld,flag,prim
IL,S2CMessage28650,bhZ,num,prim
IL,S2CMessage28650,bib,num2,prim
ayy,S2CMessage3168,jz,str,prim
ayy,S2CMessage3168,jA,lng,prim
ayy,S2CMessage3168,bY,str2,prim
aIK,S2CMessage3170,jz,str,prim
aIK,S2CMessage3170,jA,lng,prim
aIK,S2CMessage3170,bY,str2,prim
aNO,S2CMessage3198,jz,str,prim
aNO,S2CMessage3198,jA,lng,prim
aNO,S2CMessage3198,bY,str2,prim
tG,S2CMessage4000,anV,num,prim
afV,S2CMessage4601,csU,lngArr,prim
afV,S2CMessage4601,csV,lngArr2,prim
xK,S2CMessage4900,azt,lng,prim
xK,S2CMessage4900,azu,lng2,prim
xY,S2CMessage4901,aAb,lng,prim
aIZ,S2CMessage4902,azt,lng,prim
auF,S2CMessage502,ju,str,prim
auF,S2CMessage502,jv,str2,prim
auF,S2CMessage502,js,bt,prim
mD,S2CMessage504,js,bt,prim
mD,S2CMessage504,Lm,result,accessor
arl,S2CMessage510,cPl,btArr,prim
Or,S2CMessage5113,bBV,bt,prim
Or,S2CMessage5113,mw,lng,prim
aqX,S2CMessage5114,cPb,bt,prim
aqX,S2CMessage5114,mw,lng,prim
dL,S2CMessage5116,mw,lng,prim
dL,S2CMessage5116,mx,bt,prim
NN,S2CMessage5401,btt,num,prim
NN,S2CMessage5401,bAy,flag,prim
mJ,S2CMessage5403,Lo,bt,prim
aGr,S2CMessage5491,aV,bt,prim
aGr,S2CMessage5491,dIy,num,prim
aGr,S2CMessage5491,dIz,num2,prim
aGr,S2CMessage5491,dIA,num3,prim
H,S2CMessage556,aL,lng,prim
ahU,S2CMessage558,aiK,str,prim
ahU,S2CMessage558,nR,str2,prim
rY,S2CMessage560,aiK,str,prim
rY,S2CMessage560,aiL,flag,prim
asu,S2CMessage6,cSe,bt,prim
aoi,S2CMessage6014,aV,bt,prim
aoi,S2CMessage6014,aj,lng,prim
aoi,S2CMessage6014,bGe,sht,prim
aoi,S2CMessage6014,bGf,sht2,prim
aoi,S2CMessage6014,sB,lng2,prim
aoi,S2CMessage6014,cKH,lng3,prim
DY,S2CMessage6025,ju,str,prim
DY,S2CMessage6025,yk,lng,prim
DY,S2CMessage6025,yl,lng2,prim
ahh,S2CMessage6028,dKX,str,prim
ahh,S2CMessage6028,dKY,str2,prim
ahh,S2CMessage6028,dLv,arrayList,prim
ahh,S2CMessage6028,dLw,flt,prim
ahh,S2CMessage6028,dLx,arrayList2,prim
ahh,S2CMessage6028,dLy,arrayList3,prim
ahh,S2CMessage6028,dLz,flag,prim
ahh,S2CMessage6028,dLA,flag2,prim
ahh,S2CMessage6028,dLD,dbl,prim
ahh,S2CMessage6028,dLE,dbl2,prim
ahh,S2CMessage6028,aQv,visible,accessor
ahh,S2CMessage6028,dLL,flag3,prim
ahh,S2CMessage6028,dLM,flag4,prim
ahh,S2CMessage6028,dLP,bt,prim
ahh,S2CMessage6028,coH,fltArr,prim
ahh,S2CMessage6028,dLS,flag5,prim
ahh,S2CMessage6028,dLV,arrayList4,prim
OJ,S2CMessage6029,aV,bt,prim
RQ,S2CMessage8121,bKK,num,prim
ZQ,S2CMessage8122,bgf,lng,prim
ZQ,S2CMessage8122,aj,lng2,prim
WC,S2CMessage8250,sB,lng,prim
WC,S2CMessage8250,bUG,flag,prim
avT,S2CMessage9,dgV,bt,prim
avT,S2CMessage9,cSe,bt2,prim
aIC,SaveTeamPresetMessage,aV,bt,prim
axn,SpellCastMessage,cGS,lng,prim
axn,SpellCastMessage,ir,num,prim
axn,SpellCastMessage,Lj,num2,prim
axn,SpellCastMessage,Lk,num3,prim
axn,SpellCastMessage,Ll,sht,prim
axn,SpellCastMessage,cPq,flag,prim
axn,SpellCastMessage,cPr,flag2,prim
mC,SpellCastRequestMessage,aj,lng,prim
mC,SpellCastRequestMessage,ir,num,prim
mC,SpellCastRequestMessage,Lj,num2,prim
mC,SpellCastRequestMessage,Lk,num3,prim
mC,SpellCastRequestMessage,Ll,sht,prim
aMC,TeamMateSetReadyForActionMessage,sB,lng,prim
DW,TeamMateSetReadyForObservationMessage,sB,lng,prim
aiO,TeamMateSetReadyForPlacementMessage,sB,lng,prim
Ce,TeamMessageHandler,aKG,teamMessageHandler,ref-type
DX,TeamMessageHandler_1,aPD,teamMessageHandler_1,ref-type
adD,TeamMessageHandler_3,cne,teamMessageHandler_3,ref-type
adi,TeamMessageHandler_4,cmk,teamMessageHandler_4,ref-type
asA,TeamMessageHandler_5,cSm,teamMessageHandler_5,ref-type
hU,TeamMessageHandler_6,wX,teamMessageHandler_6,ref-type
hU,TeamMessageHandler_6,wY,str,prim
Ar,TeamPresetListMessage,aGX,arrayList,prim
asE,TournamentMessage20072,fM,description,accessor
Ds,TournamentMessageHandler,aNF,tournamentMessageHandler,ref-type
agz,TournamentMessageHandler_1,cup,tournamentMessageHandler_1,ref-type
ajp,TournamentMessageHandler_2,cAs,tournamentMessageHandler_2,ref-type
ajp,TournamentMessageHandler_2,cAv,connectionMessageHandler_3,ref-type
ajp,TournamentMessageHandler_2,cAw,tournamentMessageHandler_3,ref-type
ajp,TournamentMessageHandler_2,cAx,calendarMessageHandler,ref-type
oz,TournamentMessageHandler_3,aaq,tournamentMessageHandler_3,ref-type
aEd,UiEventMessage,aW,id,accessor
aEd,UiEventMessage,dzC,booleanValue,accessor
aEd,UiEventMessage,ctc,bt,prim
aEd,UiEventMessage,ctd,sht,prim
aEd,UiEventMessage,cte,intValue,accessor
aEd,UiEventMessage,ctf,longValue,accessor
aEd,UiEventMessage,ctg,doubleValue,accessor
aEd,UiEventMessage,cth,floatValue,accessor
aEd,UiEventMessage,cti,stringValue,accessor
bp,UpdateFighterInventoryRequestMessage,fO,sht,prim
nL,UpdatedFighterInformationInventoryMessage,aV,bt,prim
nL,UpdatedFighterInformationInventoryMessage,aj,lng,prim
nL,UpdatedFighterInformationInventoryMessage,Pc,btArr,prim
nL,UpdatedFighterInformationInventoryMessage,Pd,btArr2,prim
acS,UserChannelContentMessage,jg,str,prim
acS,UserChannelContentMessage,bY,str2,prim
vE,UserNotFoundMessage,IC,userName,accessor
Xk,UserPrivateContentMessage,IC,userName,accessor
Xk,UserPrivateContentMessage,bY,str,prim
bB,UserVicinityContentMessage,bY,str,prim
cK,VicinityContentMessage,jz,str,prim
cK,VicinityContentMessage,jA,lng,prim
cK,VicinityContentMessage,bY,str2,prim
