opcode,obf_file,obf_orig,kind,base,direction,fp_write,fp_read
1,aqb,aqb,NET,so_0,C2S,,
1,ll_2,ll,NET,axX,C2S,bbbb,bbbb
2,apg_1,aPg,NET,ael_2,S2C,,
2,tI,tI,NET,axX,C2S,,
3,po_1,po,NET,axX,C2S,,
3,tL,tL,NET,so_0,C2S,,
4,nu_2,nu,NET,ael_2,S2C,,
6,asu,asu,NET,ael_2,S2C,,
7,na,na,NET,so_0,C2S,bSbb,
8,oq_1,oQ,NET,ael_2,S2C,,
9,avT,avT,NET,ael_2,S2C,,
10,ms_0,mS,NET,axX,C2S,,
11,afy_2,afY,NET,axX,C2S,bbIbbIbSILDFbb,bbIbbIbSILDFbb
12,pn_2,PN,NET,axX,C2S,bb,bb
20,rx_0,rX,NET,axX,C2S,IIb,IbbSILFDb
100,es_0,es,NET,ael_2,S2C,,bSSI
101,aFC,aFC,NET,so_0,C2S,Sb,
102,ja_0,Ja,NET,ael_2,S2C,,bSb
103,dm_0,dm,NET,qr_2,S2C,,
103,qr_2,qR,NET,ael_2,S2C,,I
105,Ve,Ve,NET,ael_2,S2C,,bISb
106,lo,lo,NET,ael_2,S2C,,bbbbIbb
107,asg_0,asG,NET,so_0,C2S,bIL,
108,abj_0,aBJ,NET,ael_2,S2C,,bILLL
200,rz_2,rZ,NET,ael_2,S2C,,SLSb
201,bd_2,bD,NET,so_0,C2S,LS,
202,tt_2,TT,NET,ael_2,S2C,,LSb
204,il_0,Il,NET,ael_2,S2C,,SLLSbL
206,acc_2,aCC,NET,ael_2,S2C,,SL
501,uq_2,uq,NET,so_0,C2S,bbbbLbbLL,
502,auf_0,auF,NET,ael_2,S2C,,bbbbb
504,mD,mD,NET,ael_2,S2C,,bI
509,atM,atM,NET,so_0,C2S,bbb,
510,arl_0,arl,NET,ael_2,S2C,,Sb
511,awR,awR,NET,so_0,C2S,L,
513,wt_1,wt,NET,so_0,C2S,Lbb,
517,auZ,auZ,NET,so_0,C2S,L,
519,add_2,aDD,NET,so_0,C2S,L,
539,F,F,NET,so_0,C2S,b,
551,mx_1,MX,NET,so_0,C2S,LSII,
553,abo_0,aBO,NET,so_0,C2S,LIbb,
555,Nr,Nr,NET,so_0,C2S,LISSbb,
556,h_0,H,NET,ael_2,S2C,,L
557,Ko,Ko,NET,so_0,C2S,LS,
558,ahU,ahU,NET,ael_2,S2C,,bbbb
560,ry_1,rY,NET,ael_2,S2C,,bbb
1024,Uk,Uk,NET,ael_2,S2C,,bI
1025,bu_1,BU,NET,so_0,C2S,bbbb,
1026,fm_1,fM,NET,ael_2,S2C,,
2048,amz_0,aMz,NET,ael_2,S2C,,
2049,alq_0,aLq,NET,so_0,C2S,bbbbb,
2050,az_0,Az,NET,ael_2,S2C,,
2052,aoh_2,aoH,NET,ael_2,S2C,,
2070,nj,nj,NET,ael_2,S2C,,Ib
2260,py_0,pY,NET,so_0,C2S,L,
2261,wv_2,WV,NET,ael_2,S2C,,b
2300,bk_1,bk,NET,ael_2,S2C,,LS
2301,agp_1,aGp,NET,so_0,C2S,SSIL,b
2302,apa_0,aPa,NET,ael_2,S2C,,
2303,adj_0,adj,NET,so_0,C2S,,
2304,Hf,Hf,NET,ael_2,S2C,,
2306,tj_2,Tj,NET,ael_2,S2C,,
2307,bx_1,BX,NET,ael_2,S2C,,LIbIbSIL
2308,Pg,Pg,NET,so_0,C2S,LSILb,b
2309,cJ,cJ,NET,ael_2,S2C,,b
2400,pl_1,Pl,NET,ael_2,S2C,,Sb
2401,uf_0,uF,NET,ael_2,S2C,,Sb
2411,HJ,HJ,NET,ael_2,S2C,,ISSSIII
2600,mL,mL,NET,so_0,C2S,L,
2601,kq_2,Kq,NET,ael_2,S2C,,LSbSb
3128,by_1,By,NET,ael_2,S2C,,bbb
3129,QZ,QZ,NET,so_0,C2S,bb,
3130,cz_0,cz,NET,ael_2,S2C,,bbbbb
3131,MP,MP,NET,so_0,C2S,bb,
3132,Bs,Bs,NET,ael_2,S2C,,bbbb
3133,aym_0,aym,NET,so_0,C2S,bb,
3134,Uy,Uy,NET,ael_2,S2C,,bbbbb
3135,aer_0,aEr,NET,so_0,C2S,bb,
3136,ato_0,atO,NET,ael_2,S2C,,bbbbbb
3138,ax_2,AX,NET,ael_2,S2C,,bbb
3140,xb_1,xB,NET,ael_2,S2C,,bbbbbb
3142,wh_0,WH,NET,ael_2,S2C,,bbb
3144,aaf_1,aAf,NET,ael_2,S2C,,bSb
3146,abh_0,aBh,NET,ael_2,S2C,,bbb
3148,dh_0,Dh,NET,ael_2,S2C,,bbbbbbLSbL
3150,pv_0,pv,NET,ael_2,S2C,,bbbb
3151,acS,acS,NET,so_0,C2S,bbbb,
3152,ck_0,cK,NET,ael_2,S2C,,bbLSb
3153,bb_0,bB,NET,so_0,C2S,Sb,
3154,ais_2,aIS,NET,ael_2,S2C,,bbLbb
3155,Xk,Xk,NET,so_0,C2S,bbbb,
3156,kz_1,Kz,NET,ael_2,S2C,,bbbbLSbS
3158,ft_0,FT,NET,ael_2,S2C,,bbbb
3159,afq_0,aFQ,NET,so_0,C2S,Sb,
3160,adw_1,aDw,NET,ael_2,S2C,,bb
3161,aux_,aux,NET,so_0,C2S,LSb,
3162,ahm_0,ahm,NET,ael_2,S2C,,bb
3164,jH,jH,NET,ael_2,S2C,,bbL
3166,jf_0,Jf,NET,ael_2,S2C,,bb
3168,ayy,ayy,NET,ael_2,S2C,,bbLSb
3170,aik_1,aIK,NET,ael_2,S2C,,bbLSb
3198,ano_1,aNO,NET,ael_2,S2C,,bbLSb
3199,ak,ak,NET,so_0,C2S,SbL,
3202,qv_0,qV,NET,ael_2,S2C,,bb
3204,ve_1,vE,NET,ael_2,S2C,,bb
3206,amd_1,amD,NET,ael_2,S2C,,
3208,ez_2,Ez,NET,ael_2,S2C,,bb
3210,lx_0,lX,NET,ael_2,S2C,,
3212,adm_0,adM,NET,ael_2,S2C,,
3214,as_0,as,NET,ael_2,S2C,,
3216,avs,avs,NET,ael_2,S2C,,
4000,tg_1,tG,NET,ael_2,S2C,,I
4001,tc_2,tc,NET,ael_2,S2C,,bbI
4096,xe_2,XE,NET,ael_2,S2C,,Ib
4098,th_1,Th,NET,ael_2,S2C,,IL
4102,aEV,aEV,NET,ael_2,S2C,,bLIISb
4104,aya_0,aya,NET,ael_2,S2C,,SL
4106,aqb_0,aqB,NET,ael_2,S2C,,SLIIS
4309,n,n,NET,ael_2,S2C,,
4311,aff_2,aff,NET,ael_2,S2C,,
4500,avf_0,avf,NET,ael_2,S2C,,LIIS
4501,aLY,aLY,NET,so_0,C2S,IIS,
4503,md_1,md,NET,so_0,C2S,LIIS,
4506,acg,acg,NET,ue_0,S2C,,LL
4510,xp_0,xp,NET,ael_2,S2C,,LIIS
4512,Gs,Gs,NET,so_0,C2S,I,
4514,aII,aII,NET,so_0,C2S,,
4516,yu_1,yU,NET,ael_2,S2C,,
4517,aae_2,aae,NET,so_0,C2S,,
4518,Ab,Ab,NET,so_0,C2S,,
4519,aOx,aOx,NET,so_0,C2S,,
4520,cd_2,cD,NET,ue_0,S2C,,L
4521,lr_2,lR,NET,so_0,C2S,Lb,
4522,u_0,u,NET,ue_0,S2C,,Lb
4523,anv_0,aNV,NET,so_0,C2S,,
4524,yr_1,yR,NET,ue_0,S2C,,LIIS
4600,aec_2,aEC,NET,ael_2,S2C,,FFSSb
4601,afV,afV,NET,ael_2,S2C,,SLSL
4607,aik_0,aiK,NET,so_0,C2S,LLSI,
4700,azt_0,azT,NET,ael_2,S2C,,Lbb
4701,JY,JY,NET,so_0,C2S,bbI,
4800,yd,yd,NET,ael_2,S2C,,IIL
4900,xk_0,xK,NET,ue_0,S2C,,LLI
4901,xy_2,xY,NET,ue_0,S2C,,L
4902,aiz_0,aIZ,NET,ue_0,S2C,,L
5000,CU,CU,NET,ael_2,S2C,,
5101,fw_1,fW,NET,so_0,C2S,L,
5102,uo_1,UO,NET,ael_2,S2C,,LLbb
5103,tw_0,TW,NET,so_0,C2S,Lb,
5104,Ul,Ul,NET,ael_2,S2C,,bLL
5105,ua_2,uA,NET,pv_2,C2S,,
5107,wd_0,WD,NET,pv_2,C2S,,
5109,ahJ,ahJ,NET,so_0,C2S,L,
5110,asH,asH,NET,ael_2,S2C,,LbS
5111,any,any,NET,so_0,C2S,L,
5112,aaz_1,aaz,NET,ael_2,S2C,,LbS
5113,Or,Or,NET,ael_2,S2C,,bL
5114,aqX,aqX,NET,ael_2,S2C,,bL
5116,dl_0,dL,NET,ael_2,S2C,,Lb
5200,air_2,aIr,NET,ael_2,S2C,,SSSSSSSSI
5201,aEl,aEl,NET,so_0,C2S,I,
5202,yz_2,YZ,NET,ael_2,S2C,,LSb
5203,fh_0,FH,NET,so_0,C2S,SLS,
5204,ajm_2,ajm,NET,so_0,C2S,I,
5300,yg,yg,NET,so_0,C2S,,
5301,axZ,axZ,NET,acb_2,?,,
5400,aOo,aOo,NET,so_0,C2S,ISISIS,b
5401,NN,NN,NET,ael_2,S2C,,bIS
5403,mj_1,mJ,NET,ael_2,S2C,,bbbI
5450,mo_2,Mo,NET,so_0,C2S,ISI,b
5470,Zu,Zu,NET,so_0,C2S,SSIS,
5490,ahg_0,aHG,NET,so_0,C2S,II,
5491,agr_2,aGr,NET,ael_2,S2C,,bIII
6000,aiy_2,aiY,NET,ael_2,S2C,,bLLSbbS
6001,aNb,aNb,NET,so_0,C2S,bSSb,
6002,DQ,DQ,NET,ael_2,S2C,,bLL
6003,ot_2,OT,NET,so_0,C2S,LS,
6006,jt_2,JT,NET,ael_2,S2C,,LbLSb
6010,nl_1,nL,NET,ael_2,S2C,,LbSbSb
6011,bp_1,bp,NET,so_0,C2S,LSSbSb,
6013,qp_1,Qp,NET,so_0,C2S,LSSL,
6014,aoi,aoi,NET,ael_2,S2C,,bLSSLL
6020,aic_0,aIC,NET,ael_2,S2C,,bLbb
6021,aqH,aqH,NET,so_0,C2S,b,
6022,agH,agH,NET,ael_2,S2C,,bS
6023,aad_1,aAd,NET,so_0,C2S,LSS,
6024,ir_0,ir,NET,so_0,C2S,bbLL,
6025,dy_2,DY,NET,ael_2,S2C,,bbbbLL
6026,abB,abB,NET,so_0,C2S,bbbLLS,
6027,lk_0,Lk,NET,ael_2,S2C,,
6028,ahh_2,ahh,NET,ael_2,S2C,,
6029,OJ,OJ,NET,ael_2,S2C,,b
6030,ar_0,Ar,NET,ael_2,S2C,,bbLbb
6031,ys_1,YS,NET,so_0,C2S,,
6032,gd_0,gD,NET,ael_2,S2C,,bSb
6200,jD,jD,NET,ue_0,S2C,,bLLL
8000,aat_2,aAt,NET,ael_2,S2C,,bbSbILbLIbbbLbISbbLSbbLLIISbILIIIIIb
8010,akx_1,aKX,NET,ael_2,S2C,,
8011,au_2,Au,NET,so_0,C2S,,
8012,aio_0,aiO,NET,ael_2,S2C,,L
8018,akl_1,aKl,NET,ael_2,S2C,,
8020,ut,ut,NET,ael_2,S2C,,
8021,adn_0,adN,NET,so_0,C2S,LIIS,
8022,lk_2,lK,NET,ael_2,S2C,,LIIS
8023,auq_0,auq,NET,so_0,C2S,,
8024,dw_1,DW,NET,ael_2,S2C,,L
8028,aaw_0,aAw,NET,ael_2,S2C,,
8030,agp_2,aGP,NET,ael_2,S2C,,
8031,nS,nS,NET,so_0,C2S,,
8032,aMC,aMC,NET,ael_2,S2C,,L
8038,aPo,aPo,NET,ael_2,S2C,,
8040,tt_0,Tt,NET,ael_2,S2C,,
8100,jg_1,Jg,NET,ue_0,S2C,,bI
8104,kw_2,Kw,NET,ue_0,S2C,,L
8105,rC,rC,NET,so_0,C2S,L,
8106,TJ,TJ,NET,ue_0,S2C,,L
8107,sg_2,SG,NET,so_0,C2S,LIIIS,
8108,arn_0,arn,NET,ue_0,S2C,,LIbbIIS
8109,mc_2,mC,NET,so_0,C2S,LIIIS,
8110,axn_0,axn,NET,ue_0,S2C,,LIbbIIS
8111,aso_0,aso,NET,so_0,C2S,LIIS,
8112,aAD,aAD,NET,ue_0,S2C,,LbbIIS
8120,amb_0,amB,NET,ue_0,S2C,,bbIISb
8121,rq_2,RQ,NET,ael_2,S2C,,ISb
8122,zq_1,ZQ,NET,ael_2,S2C,,LL
8151,as_1,As,NET,so_0,C2S,,
8200,ayj_0,ayJ,NET,ael_2,S2C,,
8250,wc_2,WC,NET,ael_2,S2C,,Lb
8300,YP,YP,NET,ue_0,S2C,,bSbILIILIbLSSbbLSSbSbSbbLSbbbIbbI
8400,aBZ,aBZ,NET,ael_2,S2C,,
15000,ajs_0,aJs,NET,so_0,C2S,,
15001,ayV,ayV,NET,ael_2,S2C,,S
15003,Eh,Eh,NET,ael_2,S2C,,L
15004,ads_0,aDs,NET,so_0,C2S,bL,
15005,wt_2,WT,NET,ael_2,S2C,,b
15006,akk_1,aKk,NET,so_0,C2S,L,
15007,cb,cb,NET,ael_2,S2C,,LLb
15506,rr_1,RR,NET,so_0,C2S,bb,
15507,afj_2,aFJ,NET,ael_2,S2C,,L
17002,yq_1,yQ,NET,so_0,C2S,,
17003,awa_0,awa,NET,ael_2,S2C,,SI
17004,fu_2,fu,NET,so_0,C2S,L,
17005,aef_1,aEf,NET,ael_2,S2C,,I
17006,agh_2,aGh,NET,so_0,C2S,Lb,
17008,ald_2,alD,NET,so_0,C2S,bbb,bb
17010,aFu,aFu,NET,so_0,C2S,ISILLLbLbbSbbLIbI,b
22000,ade_0,aDE,NET,ael_2,S2C,,S
22001,anp_0,aNp,NET,so_0,C2S,,
22002,ls_0,lS,NET,ael_2,S2C,,ISS
22003,nq,nq,NET,so_0,C2S,SbS,
22004,axH,axH,NET,so_0,C2S,L,
22092,axA,axA,NET,ael_2,S2C,,LS
22093,Tx,Tx,NET,so_0,C2S,I,
22094,la_1,lA,NET,ael_2,S2C,,IIIIL
22095,axf_0,axF,NET,so_0,C2S,IIIL,
22097,OB,OB,NET,so_0,C2S,I,
22099,bw,bw,NET,so_0,C2S,LI,
23000,Jc,Jc,NET,so_0,C2S,Lb,
23001,abn_0,aBN,NET,so_0,C2S,LS,
23002,wf_2,wF,NET,ael_2,S2C,,b
23003,ajw_0,ajW,NET,so_0,C2S,LS,
23004,amh_0,aMH,NET,ael_2,S2C,,Sb
23006,azl_0,azl,NET,ael_2,S2C,,
23008,KL,KL,NET,ael_2,S2C,,b
23009,aow_2,aow,NET,so_0,C2S,LII,
23101,bm_1,Bm,NET,so_0,C2S,LS,
23102,ada_1,aDA,NET,ael_2,S2C,,b
23103,atj_0,atj,NET,so_0,C2S,LS,
23104,aLi,aLi,NET,ael_2,S2C,,Sb
23106,ads_2,adS,NET,ael_2,S2C,,
23108,M,M,NET,ael_2,S2C,,b
23110,tb_2,tB,NET,ael_2,S2C,,LIbIbLSSIL
23112,aku_1,aku,NET,ael_2,S2C,,b
23114,acz_2,acz,NET,so_0,C2S,LLSSILb,b
23116,aex_0,aeX,NET,so_0,C2S,IL,b
25000,az,az,NET,ael_2,S2C,,b
26300,wu_2,wU,NET,ael_2,S2C,,LbbbIb
26301,hk_1,Hk,NET,so_0,C2S,Lb,
26302,pu_1,pU,NET,ael_2,S2C,,Lb
26303,bl_1,Bl,NET,so_0,C2S,LS,
26304,gz_0,gZ,NET,ael_2,S2C,,L
26305,vT,vT,NET,so_0,C2S,Lb,
26307,mz_0,mZ,NET,so_0,C2S,L,
26310,nx_1,Nx,NET,ael_2,S2C,,Lb
26312,axr_0,axr,NET,ael_2,S2C,,
26313,aju_1,aJu,NET,so_0,C2S,bLbL,b
26314,ahV,ahV,NET,ael_2,S2C,,bbSbbL
26321,nv_0,nV,NET,so_0,C2S,,
26330,alv_1,alV,NET,so_0,C2S,IS,
26331,x_0,X,NET,so_0,C2S,L,
26332,azb_0,azb,NET,ael_2,S2C,,
26333,uz_0,uZ,NET,ael_2,S2C,,
26334,aiw_1,aIw,NET,so_0,C2S,b,
27500,dp_0,DP,NET,so_0,C2S,I,
27501,azd_0,azD,NET,ael_2,S2C,,IIIIIbIbSIIIIIIbbbbbbbbbb
27502,pc_1,pC,NET,so_0,C2S,SI,
27503,ij_1,IJ,NET,ael_2,S2C,,SIIIbIbIbbb
27504,vg_1,Vg,NET,so_0,C2S,I,
27505,aka_0,aKa,NET,ael_2,S2C,,IIIIIIbIbIbSIIIIIIIbbbbbbbbbb
27506,qk_2,qK,NET,so_0,C2S,IIIbbS,
27507,uj_0,UJ,NET,ael_2,S2C,,bbSIIIIIIIIbIbIIIIIbIbIIIIIbIbbbbbbb
27508,aa_2,aA,NET,so_0,C2S,I,
27509,jw_0,Jw,NET,ael_2,S2C,,IIIIIIbIbIIIbSbbbbbbbb
27510,aid_1,aid,NET,so_0,C2S,SSI,
27511,anc_0,anc,NET,ael_2,S2C,,SSIIIbLLLLbbbb
27512,ow_2,ow,NET,so_0,C2S,SI,
27513,xn_2,Xn,NET,ael_2,S2C,,SIISLIbbbb
27514,ck_2,Ck,NET,so_0,C2S,III,
27515,amu_0,aMU,NET,ael_2,S2C,,IIIIIIbIbSbbbb
27525,zz_0,ZZ,NET,so_0,C2S,bbbbbSb,
27526,jg_2,jg,NET,ael_2,S2C,,bbbbbSbL
27527,gc_0,Gc,NET,so_0,C2S,bbLb,
27528,eq_1,EQ,NET,ael_2,S2C,,bb
27529,bl,bl,NET,so_0,C2S,,
27551,aib_1,aIb,NET,so_0,C2S,,
27552,amk_0,amk,NET,ael_2,S2C,,
28601,wa_2,wa,NET,so_0,C2S,,
28602,ng_2,Ng,NET,ael_2,S2C,,ILbbSbIIIbIbIbb
28603,ayQ,ayQ,NET,so_0,C2S,SIb,
28604,auE,auE,NET,ael_2,S2C,,L
28605,bi_2,BI,NET,so_0,C2S,L,
28606,aik,aik,NET,ael_2,S2C,,b
28607,ago_0,aGO,NET,so_0,C2S,LLSI,
28608,dy_0,dy,NET,ael_2,S2C,,Lb
28609,bt_0,Bt,NET,so_0,C2S,LLS,
28610,de_0,De,NET,ael_2,S2C,,b
28611,ly_1,ly,NET,so_0,C2S,LLS,
28612,DR,DR,NET,ael_2,S2C,,LSb
28614,azj_0,azJ,NET,ael_2,S2C,,L
28616,kw_1,kw,NET,ael_2,S2C,,bb
28617,afg_2,aFG,NET,so_0,C2S,L,
28618,ahd_0,aHd,NET,ael_2,S2C,,L
28620,Yq,Yq,NET,ael_2,S2C,,bLILIIbIbL
28622,uw_2,UW,NET,ael_2,S2C,,I
28630,dg_0,DG,NET,ael_2,S2C,,Lb
28633,kx_2,kx,NET,so_0,C2S,Lb,
28634,acn_2,aCN,NET,ael_2,S2C,,b
28635,aeC,aeC,NET,so_0,C2S,LbbL,
28636,aig_1,aIG,NET,ael_2,S2C,,b
28644,aaj_0,aaJ,NET,ael_2,S2C,,LL
28646,aNq,aNq,NET,ael_2,S2C,,LL
28648,df_1,df,NET,ael_2,S2C,,Lb
28649,alf_0,alF,NET,so_0,C2S,LIIb,
28650,IL,IL,NET,ael_2,S2C,,IIIIbI
0,PU,PU,OTHER,,?,,b
0,zo_2,Zo,OTHER,,?,,
1,ajv_1,ajV,OTHER,auQ,?,,
1,fp_2,Fp,OTHER,pr_0,?,,
101,ajz_2,aJZ,OTHER,,?,,
102,aML,aML,OTHER,,?,,
1024,auQ,auQ,OTHER,pr_0,?,,
16384,yt_2,yt,UI,sb_0,UI,,
16385,go_1,GO,UI,sb_0,UI,,
16400,apm_1,apm,UI,sb_0,UI,,
16600,PV,PV,UI,sb_0,UI,,
16604,Db,Db,UI,sb_0,UI,,
16617,kd_0,KD,UI,sb_0,UI,,
16636,ev_0,eV,UI,sb_0,UI,,
16801,vr_2,Vr,UI,sb_0,UI,,
16802,azS,azS,UI,sb_0,UI,,
19000,cx_1,CX,UI,sb_0,UI,,
19001,asg,asg,UI,sb_0,UI,,
20072,asE,asE,UI,sb_0,UI,,
21010,aqe_0,aqE,UI,sb_0,UI,,
21070,fz_0,fz,UI,sb_0,UI,,
23051,ahn,ahn,UI,sb_0,UI,,
23101,amo_0,aMo,UI,sb_0,UI,,
23111,zi_0,zI,UI,sb_0,UI,,
24000,Co,Co,UI,sb_0,UI,,
30000,ado,ado,UI,sb_0,UI,,
30001,abu_1,aBu,UI,sb_0,UI,,
30002,acl_1,acl,UI,abu_1,UI,,
