opcode,obf_file,real_class,direction,confidence,base
1,aqb,DisconnectionNotificationMessage,C2S,opcode-only,so_0
1,ll_2,LoginMessage,C2S,high,axX
2,apg_1,ReconnectionTicketMessage,S2C,opcode-only,ael_2
2,tI,ReconnectionTicketMessage,C2S,opcode-only,axX
3,po_1,ReconnectionTicketRequestMessage,C2S,opcode-only,axX
3,tL,ReconnectionTicketRequestMessage,C2S,opcode-only,so_0
4,nu_2,ReconnectionTicketRequestResultMessage,S2C,opcode-only,ael_2
6,asu,,S2C,new-in-2.70,ael_2
7,na,ClientVersionMessage,C2S,high,so_0
8,oq_1,InvalidClientVersionMessage,S2C,opcode-only,ael_2
9,avT,,S2C,new-in-2.70,ael_2
10,ms_0,PropertyListQueryMessage,C2S,opcode-only,axX
11,afy_2,PropertyItemMessage,C2S,high,axX
12,pn_2,PropertyQueryMessage,C2S,high,axX
20,rx_0,,C2S,new-in-2.70,axX
100,es_0,,S2C,new-in-2.70,ael_2
101,aFC,,C2S,new-in-2.70,so_0
102,ja_0,,S2C,new-in-2.70,ael_2
103,dm_0,,S2C,new-in-2.70,qr_2
103,qr_2,,S2C,new-in-2.70,ael_2
105,Ve,,S2C,new-in-2.70,ael_2
106,lo,,S2C,new-in-2.70,ael_2
107,asg_0,,C2S,new-in-2.70,so_0
108,abj_0,,S2C,new-in-2.70,ael_2
200,rz_2,,S2C,new-in-2.70,ael_2
201,bd_2,,C2S,new-in-2.70,so_0
202,tt_2,,S2C,new-in-2.70,ael_2
204,il_0,,S2C,new-in-2.70,ael_2
206,acc_2,,S2C,new-in-2.70,ael_2
501,uq_2,,C2S,new-in-2.70,so_0
502,auf_0,,S2C,new-in-2.70,ael_2
504,mD,,S2C,new-in-2.70,ael_2
509,atM,,C2S,new-in-2.70,so_0
510,arl_0,,S2C,new-in-2.70,ael_2
511,awR,,C2S,new-in-2.70,so_0
513,wt_1,,C2S,new-in-2.70,so_0
517,auZ,,C2S,new-in-2.70,so_0
519,add_2,,C2S,new-in-2.70,so_0
539,F,,C2S,new-in-2.70,so_0
551,mx_1,,C2S,new-in-2.70,so_0
553,abo_0,,C2S,new-in-2.70,so_0
555,Nr,,C2S,new-in-2.70,so_0
556,h_0,,S2C,new-in-2.70,ael_2
557,Ko,,C2S,new-in-2.70,so_0
558,ahU,,S2C,new-in-2.70,ael_2
560,ry_1,,S2C,new-in-2.70,ael_2
1024,Uk,ResultMessage,S2C,opcode-only,ael_2
1025,bu_1,ClientAuthenticationMessage,C2S,high,so_0
1026,fm_1,WorldServerUnavailableMessage,S2C,opcode-only,ael_2
2048,amz_0,CoachCreationRequestMessage,S2C,opcode-only,ael_2
2049,alq_0,CoachCreationMessage,C2S,high,so_0
2050,az_0,CoachCreationResultMessage,S2C,opcode-only,ael_2
2052,aoh_2,CoachInformationsMessage,S2C,opcode-only,ael_2
2070,nj,,S2C,new-in-2.70,ael_2
2260,py_0,,C2S,new-in-2.70,so_0
2261,wv_2,,S2C,new-in-2.70,ael_2
2300,bk_1,OpponentFoundMessage,S2C,opcode-only,ael_2
2301,agp_1,OpponentSearchRequestMessage,C2S,opcode-only,so_0
2302,apa_0,OpponentSearchErrorMessage,S2C,opcode-only,ael_2
2303,adj_0,OpponentSearchCancelMessage,C2S,opcode-only,so_0
2304,Hf,OpponentSearchInProgressMessage,S2C,opcode-only,ael_2
2306,tj_2,OpponentSearchCancelResultMessage,S2C,opcode-only,ael_2
2307,bx_1,,S2C,new-in-2.70,ael_2
2308,Pg,,C2S,new-in-2.70,so_0
2309,cJ,,S2C,new-in-2.70,ael_2
2400,pl_1,PlayerStatisticsReportMessage,S2C,high,ael_2
2401,uf_0,,S2C,new-in-2.70,ael_2
2411,HJ,,S2C,new-in-2.70,ael_2
2600,mL,,C2S,new-in-2.70,so_0
2601,kq_2,,S2C,new-in-2.70,ael_2
3128,by_1,ChannelFlagsMessage,S2C,high,ael_2
3129,QZ,AddFriendMessage,C2S,high,so_0
3130,cz_0,ChannelJoinMessage,S2C,high,ael_2
3131,MP,AddIgnoreMessage,C2S,high,so_0
3132,Bs,ChannelLeaveMessage,S2C,high,ael_2
3133,aym_0,RemoveFriendMessage,C2S,high,so_0
3134,Uy,ChannelMemberFlagsMessage,S2C,high,ael_2
3135,aer_0,RemoveIgnoreMessage,C2S,high,so_0
3136,ato_0,ChannelMemberKickMessage,S2C,high,ael_2
3138,ax_2,ChannelMembersMessage,S2C,high,ael_2
3140,xb_1,ChannelContentMessage,S2C,high,ael_2
3142,wh_0,ChatUserFlagsMessage,S2C,high,ael_2
3144,aaf_1,FriendListMessage,S2C,opcode-only,ael_2
3146,abh_0,IgnoreListMessage,S2C,high,ael_2
3148,dh_0,NotificationFriendOnlineMessage,S2C,opcode-only,ael_2
3150,pv_0,NotificationFriendOfflineMessage,S2C,opcode-only,ael_2
3151,acS,UserChannelContentMessage,C2S,high,so_0
3152,ck_0,VicinityContentMessage,S2C,opcode-only,ael_2
3153,bb_0,UserVicinityContentMessage,C2S,high,so_0
3154,ais_2,PrivateContentMessage,S2C,high,ael_2
3155,Xk,UserPrivateContentMessage,C2S,high,so_0
3156,kz_1,FriendAddedMessage,S2C,opcode-only,ael_2
3158,ft_0,IgnoreAddedMessage,S2C,opcode-only,ael_2
3159,afq_0,,C2S,new-in-2.70,so_0
3160,adw_1,FriendRemovedMessage,S2C,high,ael_2
3161,aux_,,C2S,new-in-2.70,so_0
3162,ahm_0,IgnoreRemovedMessage,S2C,high,ael_2
3164,jH,NotificationIgnoreOnlineMessage,S2C,high,ael_2
3166,jf_0,NotificationIgnoreOfflineMessage,S2C,high,ael_2
3168,ayy,,S2C,new-in-2.70,ael_2
3170,aik_1,,S2C,new-in-2.70,ael_2
3198,ano_1,,S2C,new-in-2.70,ael_2
3199,ak,,C2S,new-in-2.70,so_0
3202,qv_0,ChannelNotFoundMessage,S2C,high,ael_2
3204,ve_1,UserNotFoundMessage,S2C,high,ael_2
3206,amd_1,MalformedCommandMessage,S2C,opcode-only,ael_2
3208,ez_2,MemberNotFoundMessage,S2C,high,ael_2
3210,lx_0,NotEnoughPrivilegesMessage,S2C,opcode-only,ael_2
3212,adm_0,NotYetImplementedMessage,S2C,opcode-only,ael_2
3214,as_0,TargetIsYourselfMessage,S2C,opcode-only,ael_2
3216,avs,OperationNotPermitedMessage,S2C,opcode-only,ael_2
4000,tg_1,,S2C,new-in-2.70,ael_2
4001,tc_2,,S2C,new-in-2.70,ael_2
4096,xe_2,ActorSpawnMessage,S2C,high,ael_2
4098,th_1,ActorDespawnMessage,S2C,opcode-only,ael_2
4102,aEV,ActorAppearMessage,S2C,high,ael_2
4104,aya_0,ActorDisapearMessage,S2C,high,ael_2
4106,aqb_0,ActorRepositionMessage,S2C,high,ael_2
4309,n,FightInvitationErrorMessage,S2C,opcode-only,ael_2
4311,aff_2,FightCreationCancelMessage,S2C,opcode-only,ael_2
4500,avf_0,ActorMovementMessage,S2C,high,ael_2
4501,aLY,CoachActorMovementRequestMessage,C2S,high,so_0
4503,md_1,FighterActorMovementRequestMessage,C2S,high,so_0
4506,acg,FighterTackledMessage,S2C,high,ue_0
4510,xp_0,ActorTeleportsMessage,S2C,high,ael_2
4512,Gs,,C2S,new-in-2.70,so_0
4514,aII,,C2S,new-in-2.70,so_0
4516,yu_1,,S2C,new-in-2.70,ael_2
4517,aae_2,,C2S,new-in-2.70,so_0
4518,Ab,,C2S,new-in-2.70,so_0
4519,aOx,,C2S,new-in-2.70,so_0
4520,cd_2,FighterDiesMessage,S2C,high,ue_0
4521,lr_2,FighterActorDirectionChangeRequestMessage,C2S,high,so_0
4522,u_0,FighterChangeDirectionMessage,S2C,high,ue_0
4523,anv_0,,C2S,new-in-2.70,so_0
4524,yr_1,FighterMoveMessage,S2C,high,ue_0
4600,aec_2,EnterInstanceMessage,S2C,high,ael_2
4601,afV,,S2C,new-in-2.70,ael_2
4607,aik_0,,C2S,new-in-2.70,so_0
4700,azt_0,,S2C,new-in-2.70,ael_2
4701,JY,,C2S,new-in-2.70,so_0
4800,yd,,S2C,new-in-2.70,ael_2
4900,xk_0,,S2C,new-in-2.70,ue_0
4901,xy_2,,S2C,new-in-2.70,ue_0
4902,aiz_0,,S2C,new-in-2.70,ue_0
5000,CU,NoInstanceServerAvailableMessage,S2C,opcode-only,ael_2
5101,fw_1,ItemExchangeInvitationRequestMessage,C2S,high,so_0
5102,uo_1,ItemExchangeInvitationMessage,S2C,high,ael_2
5103,tw_0,ItemExchangeInvitationAnswerMessage,C2S,high,so_0
5104,Ul,ItemExchangeInvitationConfirmationMessage,S2C,high,ael_2
5105,ua_2,ItemExchangeAddCardMessage,C2S,opcode-only,pv_2
5107,wd_0,ItemExchangeSetReadyMessage,C2S,opcode-only,pv_2
5109,ahJ,ItemExchangeCardAddedMessage,C2S,opcode-only,so_0
5110,asH,ItemExchangeCardRemovedMessage,S2C,high,ael_2
5111,any,ItemExchangeEndMessage,C2S,opcode-only,so_0
5112,aaz_1,ItemExchangeUserReadyMessage,S2C,opcode-only,ael_2
5113,Or,,S2C,new-in-2.70,ael_2
5114,aqX,,S2C,new-in-2.70,ael_2
5116,dl_0,,S2C,new-in-2.70,ael_2
5200,air_2,CoachInventoryUpdateMessage,S2C,opcode-only,ael_2
5201,aEl,CoachEquipmentUpdateRequestMessage,C2S,opcode-only,so_0
5202,yz_2,CoachEquipmentUpdateMessage,S2C,high,ael_2
5203,fh_0,CoachInventoryUpdateRequestMessage,C2S,opcode-only,so_0
5204,ajm_2,,C2S,new-in-2.70,so_0
5300,yg,,C2S,new-in-2.70,so_0
5301,axZ,,?,new-in-2.70,acb_2
5400,aOo,,C2S,new-in-2.70,so_0
5401,NN,,S2C,new-in-2.70,ael_2
5403,mj_1,,S2C,new-in-2.70,ael_2
5450,mo_2,,C2S,new-in-2.70,so_0
5470,Zu,,C2S,new-in-2.70,so_0
5490,ahg_0,,C2S,new-in-2.70,so_0
5491,agr_2,,S2C,new-in-2.70,ael_2
6000,aiy_2,CreationFighterInformationMessage,S2C,opcode-only,ael_2
6001,aNb,CreateFighterInformationRequestMessage,C2S,opcode-only,so_0
6002,DQ,DeletionFighterInformationMessage,S2C,opcode-only,ael_2
6003,ot_2,DeleteFighterInformationRequestMessage,C2S,opcode-only,so_0
6006,jt_2,FighterInformationListMessage,S2C,opcode-only,ael_2
6010,nl_1,UpdatedFighterInformationInventoryMessage,S2C,high,ael_2
6011,bp_1,UpdateFighterInventoryRequestMessage,C2S,opcode-only,so_0
6013,qp_1,,C2S,new-in-2.70,so_0
6014,aoi,,S2C,new-in-2.70,ael_2
6020,aic_0,SaveTeamPresetMessage,S2C,opcode-only,ael_2
6021,aqH,SaveTeamPresetRequestMessage,C2S,opcode-only,so_0
6022,agH,DeletionTeamPresetMessage,S2C,high,ael_2
6023,aad_1,DeleteTeamPresetRequestMessage,C2S,opcode-only,so_0
6024,ir_0,,C2S,new-in-2.70,so_0
6025,dy_2,,S2C,new-in-2.70,ael_2
6026,abB,,C2S,new-in-2.70,so_0
6027,lk_0,,S2C,new-in-2.70,ael_2
6028,ahh_2,,S2C,new-in-2.70,ael_2
6029,OJ,,S2C,new-in-2.70,ael_2
6030,ar_0,TeamPresetListMessage,S2C,opcode-only,ael_2
6031,ys_1,TeamPresetListRequestMessage,C2S,opcode-only,so_0
6032,gd_0,,S2C,new-in-2.70,ael_2
6200,jD,EffectAreaActionMessage,S2C,opcode-only,ue_0
8000,aat_2,FightCreationMessage,S2C,opcode-only,ael_2
8010,akx_1,StartPresentationMessage,S2C,opcode-only,ael_2
8011,au_2,TeamMateSetReadyForPlacementRequestMessage,C2S,opcode-only,so_0
8012,aio_0,TeamMateSetReadyForPlacementMessage,S2C,high,ael_2
8018,akl_1,EndPresentationMessage,S2C,opcode-only,ael_2
8020,ut,StartPlacementMessage,S2C,opcode-only,ael_2
8021,adn_0,MoveToFreePlacementRequestMessage,C2S,high,so_0
8022,lk_2,MoveToFreePlacementMessage,S2C,high,ael_2
8023,auq_0,TeamMateSetReadyForObservationRequestMessage,C2S,opcode-only,so_0
8024,dw_1,TeamMateSetReadyForObservationMessage,S2C,high,ael_2
8028,aaw_0,EndPlacementMessage,S2C,opcode-only,ael_2
8030,agp_2,StartObservationMessage,S2C,opcode-only,ael_2
8031,nS,TeamMateSetReadyForActionRequestMessage,C2S,opcode-only,so_0
8032,aMC,TeamMateSetReadyForActionMessage,S2C,high,ael_2
8038,aPo,EndObservationMessage,S2C,opcode-only,ael_2
8040,tt_0,StartActionMessage,S2C,opcode-only,ael_2
8100,jg_1,NewTableTurnBeginMessage,S2C,high,ue_0
8104,kw_2,FighterTurnBeginMessage,S2C,high,ue_0
8105,rC,FighterEndTurnRequestMessage,C2S,high,so_0
8106,TJ,FighterTurnEndMessage,S2C,high,ue_0
8107,sg_2,FighterCardUseRequestMessage,C2S,high,so_0
8108,arn_0,FighterCardUseMessage,S2C,opcode-only,ue_0
8109,mc_2,SpellCastRequestMessage,C2S,high,so_0
8110,axn_0,SpellCastMessage,S2C,high,ue_0
8111,aso_0,CloseCombatRequestMessage,C2S,high,so_0
8112,aAD,CloseCombatMessage,S2C,high,ue_0
8120,amb_0,RunningEffectActionMessage,S2C,opcode-only,ue_0
8121,rq_2,,S2C,new-in-2.70,ael_2
8122,zq_1,,S2C,new-in-2.70,ael_2
8151,as_1,GiveUpFightRequestMessage,C2S,opcode-only,so_0
8200,ayj_0,FightActionSequenceExecute,S2C,opcode-only,ael_2
8250,wc_2,,S2C,new-in-2.70,ael_2
8300,YP,EndFightMessage,S2C,opcode-only,ue_0
8400,aBZ,,S2C,new-in-2.70,ael_2
15000,ajs_0,,C2S,new-in-2.70,so_0
15001,ayV,,S2C,new-in-2.70,ael_2
15003,Eh,,S2C,new-in-2.70,ael_2
15004,ads_0,,C2S,new-in-2.70,so_0
15005,wt_2,,S2C,new-in-2.70,ael_2
15006,akk_1,,C2S,new-in-2.70,so_0
15007,cb,,S2C,new-in-2.70,ael_2
15506,rr_1,,C2S,new-in-2.70,so_0
15507,afj_2,,S2C,new-in-2.70,ael_2
17002,yq_1,,C2S,new-in-2.70,so_0
17003,awa_0,,S2C,new-in-2.70,ael_2
17004,fu_2,,C2S,new-in-2.70,so_0
17005,aef_1,,S2C,new-in-2.70,ael_2
17006,agh_2,,C2S,new-in-2.70,so_0
17008,ald_2,,C2S,new-in-2.70,so_0
17010,aFu,,C2S,new-in-2.70,so_0
22000,ade_0,,S2C,new-in-2.70,ael_2
22001,anp_0,,C2S,new-in-2.70,so_0
22002,ls_0,,S2C,new-in-2.70,ael_2
22003,nq,,C2S,new-in-2.70,so_0
22004,axH,,C2S,new-in-2.70,so_0
22092,axA,,S2C,new-in-2.70,ael_2
22093,Tx,,C2S,new-in-2.70,so_0
22094,la_1,,S2C,new-in-2.70,ael_2
22095,axf_0,,C2S,new-in-2.70,so_0
22097,OB,,C2S,new-in-2.70,so_0
22099,bw,,C2S,new-in-2.70,so_0
23000,Jc,,C2S,new-in-2.70,so_0
23001,abn_0,,C2S,new-in-2.70,so_0
23002,wf_2,,S2C,new-in-2.70,ael_2
23003,ajw_0,,C2S,new-in-2.70,so_0
23004,amh_0,,S2C,new-in-2.70,ael_2
23006,azl_0,,S2C,new-in-2.70,ael_2
23008,KL,,S2C,new-in-2.70,ael_2
23009,aow_2,,C2S,new-in-2.70,so_0
23101,bm_1,,C2S,new-in-2.70,so_0
23102,ada_1,,S2C,new-in-2.70,ael_2
23103,atj_0,,C2S,new-in-2.70,so_0
23104,aLi,,S2C,new-in-2.70,ael_2
23106,ads_2,,S2C,new-in-2.70,ael_2
23108,M,,S2C,new-in-2.70,ael_2
23110,tb_2,,S2C,new-in-2.70,ael_2
23112,aku_1,,S2C,new-in-2.70,ael_2
23114,acz_2,,C2S,new-in-2.70,so_0
23116,aex_0,,C2S,new-in-2.70,so_0
25000,az,,S2C,new-in-2.70,ael_2
26300,wu_2,,S2C,new-in-2.70,ael_2
26301,hk_1,,C2S,new-in-2.70,so_0
26302,pu_1,,S2C,new-in-2.70,ael_2
26303,bl_1,,C2S,new-in-2.70,so_0
26304,gz_0,,S2C,new-in-2.70,ael_2
26305,vT,,C2S,new-in-2.70,so_0
26307,mz_0,,C2S,new-in-2.70,so_0
26310,nx_1,,S2C,new-in-2.70,ael_2
26312,axr_0,,S2C,new-in-2.70,ael_2
26313,aju_1,,C2S,new-in-2.70,so_0
26314,ahV,,S2C,new-in-2.70,ael_2
26321,nv_0,,C2S,new-in-2.70,so_0
26330,alv_1,,C2S,new-in-2.70,so_0
26331,x_0,,C2S,new-in-2.70,so_0
26332,azb_0,,S2C,new-in-2.70,ael_2
26333,uz_0,,S2C,new-in-2.70,ael_2
26334,aiw_1,,C2S,new-in-2.70,so_0
27500,dp_0,,C2S,new-in-2.70,so_0
27501,azd_0,,S2C,new-in-2.70,ael_2
27502,pc_1,,C2S,new-in-2.70,so_0
27503,ij_1,,S2C,new-in-2.70,ael_2
27504,vg_1,,C2S,new-in-2.70,so_0
27505,aka_0,,S2C,new-in-2.70,ael_2
27506,qk_2,,C2S,new-in-2.70,so_0
27507,uj_0,,S2C,new-in-2.70,ael_2
27508,aa_2,,C2S,new-in-2.70,so_0
27509,jw_0,,S2C,new-in-2.70,ael_2
27510,aid_1,,C2S,new-in-2.70,so_0
27511,anc_0,,S2C,new-in-2.70,ael_2
27512,ow_2,,C2S,new-in-2.70,so_0
27513,xn_2,,S2C,new-in-2.70,ael_2
27514,ck_2,,C2S,new-in-2.70,so_0
27515,amu_0,,S2C,new-in-2.70,ael_2
27525,zz_0,,C2S,new-in-2.70,so_0
27526,jg_2,,S2C,new-in-2.70,ael_2
27527,gc_0,,C2S,new-in-2.70,so_0
27528,eq_1,,S2C,new-in-2.70,ael_2
27529,bl,,C2S,new-in-2.70,so_0
27551,aib_1,,C2S,new-in-2.70,so_0
27552,amk_0,,S2C,new-in-2.70,ael_2
28601,wa_2,,C2S,new-in-2.70,so_0
28602,ng_2,,S2C,new-in-2.70,ael_2
28603,ayQ,,C2S,new-in-2.70,so_0
28604,auE,,S2C,new-in-2.70,ael_2
28605,bi_2,,C2S,new-in-2.70,so_0
28606,aik,,S2C,new-in-2.70,ael_2
28607,ago_0,,C2S,new-in-2.70,so_0
28608,dy_0,,S2C,new-in-2.70,ael_2
28609,bt_0,,C2S,new-in-2.70,so_0
28610,de_0,,S2C,new-in-2.70,ael_2
28611,ly_1,,C2S,new-in-2.70,so_0
28612,DR,,S2C,new-in-2.70,ael_2
28614,azj_0,,S2C,new-in-2.70,ael_2
28616,kw_1,,S2C,new-in-2.70,ael_2
28617,afg_2,,C2S,new-in-2.70,so_0
28618,ahd_0,,S2C,new-in-2.70,ael_2
28620,Yq,,S2C,new-in-2.70,ael_2
28622,uw_2,,S2C,new-in-2.70,ael_2
28630,dg_0,,S2C,new-in-2.70,ael_2
28633,kx_2,,C2S,new-in-2.70,so_0
28634,acn_2,,S2C,new-in-2.70,ael_2
28635,aeC,,C2S,new-in-2.70,so_0
28636,aig_1,,S2C,new-in-2.70,ael_2
28644,aaj_0,,S2C,new-in-2.70,ael_2
28646,aNq,,S2C,new-in-2.70,ael_2
28648,df_1,,S2C,new-in-2.70,ael_2
28649,alf_0,,C2S,new-in-2.70,so_0
28650,IL,,S2C,new-in-2.70,ael_2
512,kf_1,,S2C,part-table-blob,ael_2
552,kf_1,,S2C,part-table-blob,ael_2
554,kf_1,,S2C,part-table-blob,ael_2
