opcode,obf,real,dir,declared_len,field_idx,field_name,type,bytes,note
1,aqb,DisconnectionNotificationMessage,C2S,,,(no fields / empty),,,
1,ll_2,LoginMessage,C2S,1 + byArray.length + 1 + byArray2.length,0,,i8/bytes,0,
1,ll_2,LoginMessage,C2S,1 + byArray.length + 1 + byArray2.length,1,,i8/bytes,0,
1,ll_2,LoginMessage,C2S,1 + byArray.length + 1 + byArray2.length,2,,i8/bytes,0,
1,ll_2,LoginMessage,C2S,1 + byArray.length + 1 + byArray2.length,3,,i8/bytes,0,
2,apg_1,ReconnectionTicketMessage,S2C,,,(no fields / empty),,,
2,tI,ReconnectionTicketMessage,C2S,,,(no fields / empty),,,
3,po_1,ReconnectionTicketRequestMessage,C2S,,,(no fields / empty),,,
3,tL,ReconnectionTicketRequestMessage,C2S,,,(no fields / empty),,,
4,nu_2,ReconnectionTicketRequestResultMessage,S2C,1 (min),,(no fields / empty),,,
6,asu,,S2C,,,(no fields / empty),,,
7,na,ClientVersionMessage,C2S,4 + kS.BUILD_VERSION.length(,0,,i8/bytes,0,
7,na,ClientVersionMessage,C2S,4 + kS.BUILD_VERSION.length(,1,,i16,2,
7,na,ClientVersionMessage,C2S,4 + kS.BUILD_VERSION.length(,2,,i8/bytes,0,
7,na,ClientVersionMessage,C2S,4 + kS.BUILD_VERSION.length(,3,,i8/bytes,0,
8,oq_1,InvalidClientVersionMessage,S2C,,,(no fields / empty),,,
9,avT,,S2C,2 (exact),,(no fields / empty),,,
10,ms_0,PropertyListQueryMessage,C2S,,,(no fields / empty),,,
11,afy_2,PropertyItemMessage,C2S,1 + byArray.length + 1 + byArray2.length + 4 + 4 + n2,0,,i8/bytes,0,
11,afy_2,PropertyItemMessage,C2S,1 + byArray.length + 1 + byArray2.length + 4 + 4 + n2,1,,i8/bytes,0,
11,afy_2,PropertyItemMessage,C2S,1 + byArray.length + 1 + byArray2.length + 4 + 4 + n2,2,,i32,4,
11,afy_2,PropertyItemMessage,C2S,1 + byArray.length + 1 + byArray2.length + 4 + 4 + n2,3,,i8/bytes,0,
11,afy_2,PropertyItemMessage,C2S,1 + byArray.length + 1 + byArray2.length + 4 + 4 + n2,4,,i8/bytes,0,
11,afy_2,PropertyItemMessage,C2S,1 + byArray.length + 1 + byArray2.length + 4 + 4 + n2,5,,i32,4,
11,afy_2,PropertyItemMessage,C2S,1 + byArray.length + 1 + byArray2.length + 4 + 4 + n2,6,,i8/bytes,0,
11,afy_2,PropertyItemMessage,C2S,1 + byArray.length + 1 + byArray2.length + 4 + 4 + n2,7,,i16,2,
11,afy_2,PropertyItemMessage,C2S,1 + byArray.length + 1 + byArray2.length + 4 + 4 + n2,8,,i32,4,
11,afy_2,PropertyItemMessage,C2S,1 + byArray.length + 1 + byArray2.length + 4 + 4 + n2,9,,i64,8,
11,afy_2,PropertyItemMessage,C2S,1 + byArray.length + 1 + byArray2.length + 4 + 4 + n2,10,,f64,8,
11,afy_2,PropertyItemMessage,C2S,1 + byArray.length + 1 + byArray2.length + 4 + 4 + n2,11,,f32,4,
11,afy_2,PropertyItemMessage,C2S,1 + byArray.length + 1 + byArray2.length + 4 + 4 + n2,12,,i8/bytes,0,
11,afy_2,PropertyItemMessage,C2S,1 + byArray.length + 1 + byArray2.length + 4 + 4 + n2,13,,i8/bytes,0,
12,pn_2,PropertyQueryMessage,C2S,1 + byArray.length,0,,i8/bytes,0,
12,pn_2,PropertyQueryMessage,C2S,1 + byArray.length,1,,i8/bytes,0,
20,rx_0,,C2S,4 + byArray.length,0,,i32,4,
20,rx_0,,C2S,4 + byArray.length,1,,i8/bytes,0,
100,es_0,,S2C,9 (exact),0,,i8,1,
100,es_0,,S2C,9 (exact),1,,i16,2,
100,es_0,,S2C,9 (exact),2,,i16,2,
100,es_0,,S2C,9 (exact),3,,i32,4,
101,aFC,,C2S,byArray.length + 2,0,,i16,2,
101,aFC,,C2S,byArray.length + 2,1,,i8/bytes,0,
102,ja_0,,S2C,3 (min),0,,i8,1,
102,ja_0,,S2C,3 (min),1,,i16,2,
103,dm_0,,S2C,,,(no fields / empty),,,
103,qr_2,,S2C,,,(no fields / empty),,,
105,Ve,,S2C,3 (min),0,,i8,1,
105,Ve,,S2C,3 (min),1,,i32,4,
105,Ve,,S2C,3 (min),2,,i16,2,
106,lo,,S2C,1 (min),0,,i8,1,
107,asg_0,,C2S,13,0,,i8/bytes,0,
107,asg_0,,C2S,13,1,,i32,4,
107,asg_0,,C2S,13,2,,i64,8,
108,abj_0,,S2C,29 (exact),0,,i8,1,
108,abj_0,,S2C,29 (exact),1,,i32,4,
108,abj_0,,S2C,29 (exact),2,,i64,8,
108,abj_0,,S2C,29 (exact),3,,i64,8,
108,abj_0,,S2C,29 (exact),4,,i64,8,
200,rz_2,,S2C,,0,,i16,2,"contains loop/collection - variable-length, verify source"
200,rz_2,,S2C,,1,,i64,8,"contains loop/collection - variable-length, verify source"
200,rz_2,,S2C,,2,,i16,2,"contains loop/collection - variable-length, verify source"
201,bd_2,,C2S,12,0,,i64,8,
201,bd_2,,C2S,12,1,,i16,2,
202,tt_2,,S2C,,,(no fields / empty),,,
204,il_0,,S2C,,0,,i16,2,"contains loop/collection - variable-length, verify source"
204,il_0,,S2C,,1,,i64,8,"contains loop/collection - variable-length, verify source"
204,il_0,,S2C,,2,,i64,8,"contains loop/collection - variable-length, verify source"
204,il_0,,S2C,,3,,i16,2,"contains loop/collection - variable-length, verify source"
204,il_0,,S2C,,4,,i64,8,"contains loop/collection - variable-length, verify source"
206,acc_2,,S2C,,0,,i16,2,"contains loop/collection - variable-length, verify source"
206,acc_2,,S2C,,1,,i64,8,"contains loop/collection - variable-length, verify source"
501,uq_2,,C2S,3 + byArray.length + 8,0,,i8/bytes,0,
501,uq_2,,C2S,3 + byArray.length + 8,1,,i8/bytes,0,
501,uq_2,,C2S,3 + byArray.length + 8,2,,i8/bytes,0,
501,uq_2,,C2S,3 + byArray.length + 8,3,,i8/bytes,0,
501,uq_2,,C2S,3 + byArray.length + 8,4,,i64,8,
501,uq_2,,C2S,3 + byArray.length + 8,5,,i8/bytes,0,
501,uq_2,,C2S,3 + byArray.length + 8,6,,i8/bytes,0,
501,uq_2,,C2S,3 + byArray.length + 8,7,,i64,8,
501,uq_2,,C2S,3 + byArray.length + 8,8,,i64,8,
502,auf_0,,S2C,,0,,i8,1,
502,auf_0,,S2C,,1,,i8,1,
502,auf_0,,S2C,,2,,i8,1,
504,mD,,S2C,,0,,i8,1,
504,mD,,S2C,,1,,i32,4,
509,atM,,C2S,2 + byArray.length,0,,i8/bytes,0,
509,atM,,C2S,2 + byArray.length,1,,i8/bytes,0,
509,atM,,C2S,2 + byArray.length,2,,i8/bytes,0,
510,arl_0,,S2C,,0,,i16,2,
511,awR,,C2S,8,0,,i64,8,
513,wt_1,,C2S,9 + byArray.length,0,,i64,8,
513,wt_1,,C2S,9 + byArray.length,1,,i8/bytes,0,
513,wt_1,,C2S,9 + byArray.length,2,,i8/bytes,0,
517,auZ,,C2S,8,0,,i64,8,
519,add_2,,C2S,8,0,,i64,8,
539,F,,C2S,this.ay.nj(,0,,i8/bytes,0,
551,mx_1,,C2S,18,0,,i64,8,
551,mx_1,,C2S,18,1,,i16,2,
551,mx_1,,C2S,18,2,,i32,4,
551,mx_1,,C2S,18,3,,i32,4,
553,abo_0,,C2S,13 + byArray.length,0,,i64,8,
553,abo_0,,C2S,13 + byArray.length,1,,i32,4,
553,abo_0,,C2S,13 + byArray.length,2,,i8/bytes,0,
553,abo_0,,C2S,13 + byArray.length,3,,i8/bytes,0,
555,Nr,,C2S,17 + byArray.length,0,,i64,8,
555,Nr,,C2S,17 + byArray.length,1,,i32,4,
555,Nr,,C2S,17 + byArray.length,2,,i16,2,
555,Nr,,C2S,17 + byArray.length,3,,i16,2,
555,Nr,,C2S,17 + byArray.length,4,,i8/bytes,0,
555,Nr,,C2S,17 + byArray.length,5,,i8/bytes,0,
556,h_0,,S2C,,0,,i64,8,
557,Ko,,C2S,10,0,,i64,8,
557,Ko,,C2S,10,1,,i16,2,
558,ahU,,S2C,,0,,i8,1,
558,ahU,,S2C,,1,,i8,1,
560,ry_1,,S2C,,0,,i8,1,
560,ry_1,,S2C,,1,,i8,1,
1024,Uk,ResultMessage,S2C,,0,,i8,1,
1024,Uk,ResultMessage,S2C,,1,,i32,4,
1025,bu_1,ClientAuthenticationMessage,C2S,by + by2 + 2,0,,i8/bytes,0,
1025,bu_1,ClientAuthenticationMessage,C2S,by + by2 + 2,1,,i8/bytes,0,
1025,bu_1,ClientAuthenticationMessage,C2S,by + by2 + 2,2,,i8/bytes,0,
1025,bu_1,ClientAuthenticationMessage,C2S,by + by2 + 2,3,,i8/bytes,0,
1026,fm_1,WorldServerUnavailableMessage,S2C,,,(no fields / empty),,,
2048,amz_0,CoachCreationRequestMessage,S2C,,,(no fields / empty),,,
2049,alq_0,CoachCreationMessage,C2S,4 + byArray.length,0,,i8/bytes,0,
2049,alq_0,CoachCreationMessage,C2S,4 + byArray.length,1,,i8/bytes,0,
2049,alq_0,CoachCreationMessage,C2S,4 + byArray.length,2,,i8/bytes,0,
2049,alq_0,CoachCreationMessage,C2S,4 + byArray.length,3,,i8/bytes,0,
2049,alq_0,CoachCreationMessage,C2S,4 + byArray.length,4,,i8/bytes,0,
2050,az_0,CoachCreationResultMessage,S2C,,,(no fields / empty),,,
2052,aoh_2,CoachInformationsMessage,S2C,,,(no fields / empty),,,
2070,nj,,S2C,,0,,i32,4,
2260,py_0,,C2S,n2,0,,i64,8,
2261,wv_2,,S2C,,0,,i8,1,
2300,bk_1,OpponentFoundMessage,S2C,,0,,i64,8,
2300,bk_1,OpponentFoundMessage,S2C,,1,,i16,2,
2301,agp_1,OpponentSearchRequestMessage,C2S,n3,0,,i16,2,"contains loop/collection - variable-length, verify source"
2301,agp_1,OpponentSearchRequestMessage,C2S,n3,1,,i16,2,"contains loop/collection - variable-length, verify source"
2301,agp_1,OpponentSearchRequestMessage,C2S,n3,2,,i32,4,"contains loop/collection - variable-length, verify source"
2301,agp_1,OpponentSearchRequestMessage,C2S,n3,3,,i64,8,"contains loop/collection - variable-length, verify source"
2302,apa_0,OpponentSearchErrorMessage,S2C,,,(no fields / empty),,,
2303,adj_0,OpponentSearchCancelMessage,C2S,,,(no fields / empty),,,
2304,Hf,OpponentSearchInProgressMessage,S2C,,,(no fields / empty),,,
2306,tj_2,OpponentSearchCancelResultMessage,S2C,,,(no fields / empty),,,
2307,bx_1,,S2C,,0,,i64,8,"contains loop/collection - variable-length, verify source"
2307,bx_1,,S2C,,1,,i32,4,"contains loop/collection - variable-length, verify source"
2307,bx_1,,S2C,,2,,i32,4,"contains loop/collection - variable-length, verify source"
2307,bx_1,,S2C,,3,,i16,2,"contains loop/collection - variable-length, verify source"
2307,bx_1,,S2C,,4,,i32,4,"contains loop/collection - variable-length, verify source"
2307,bx_1,,S2C,,5,,i64,8,"contains loop/collection - variable-length, verify source"
2308,Pg,,C2S,n3,0,,i64,8,"contains loop/collection - variable-length, verify source"
2308,Pg,,C2S,n3,1,,i16,2,"contains loop/collection - variable-length, verify source"
2308,Pg,,C2S,n3,2,,i32,4,"contains loop/collection - variable-length, verify source"
2308,Pg,,C2S,n3,3,,i64,8,"contains loop/collection - variable-length, verify source"
2308,Pg,,C2S,n3,4,,i8/bytes,0,"contains loop/collection - variable-length, verify source"
2309,cJ,,S2C,,0,,i8,1,
2400,pl_1,PlayerStatisticsReportMessage,S2C,,0,,u16,2,
2401,uf_0,,S2C,,0,,u16,2,
2411,HJ,,S2C,,0,,i32,4,"contains loop/collection - variable-length, verify source"
2411,HJ,,S2C,,1,,i16,2,"contains loop/collection - variable-length, verify source"
2411,HJ,,S2C,,2,,i16,2,"contains loop/collection - variable-length, verify source"
2411,HJ,,S2C,,3,,i16,2,"contains loop/collection - variable-length, verify source"
2411,HJ,,S2C,,4,,i32,4,"contains loop/collection - variable-length, verify source"
2411,HJ,,S2C,,5,,i32,4,"contains loop/collection - variable-length, verify source"
2411,HJ,,S2C,,6,,i32,4,"contains loop/collection - variable-length, verify source"
2600,mL,,C2S,8,0,,i64,8,
2601,kq_2,,S2C,1 (min),0,,i64,8,
2601,kq_2,,S2C,1 (min),1,,i16,2,
2601,kq_2,,S2C,1 (min),2,,i16,2,
3128,by_1,ChannelFlagsMessage,S2C,,0,,i8,1,
3128,by_1,ChannelFlagsMessage,S2C,,1,,i8,1,
3129,QZ,AddFriendMessage,C2S,1 + byArray.length,0,,i8/bytes,0,
3129,QZ,AddFriendMessage,C2S,1 + byArray.length,1,,i8/bytes,0,
3130,cz_0,ChannelJoinMessage,S2C,,0,,i8,1,
3130,cz_0,ChannelJoinMessage,S2C,,1,,i8,1,
3130,cz_0,ChannelJoinMessage,S2C,,2,,i8,1,
3131,MP,AddIgnoreMessage,C2S,1 + byArray.length,0,,i8/bytes,0,
3131,MP,AddIgnoreMessage,C2S,1 + byArray.length,1,,i8/bytes,0,
3132,Bs,ChannelLeaveMessage,S2C,,0,,i8,1,
3132,Bs,ChannelLeaveMessage,S2C,,1,,i8,1,
3133,aym_0,RemoveFriendMessage,C2S,1 + byArray.length,0,,i8/bytes,0,
3133,aym_0,RemoveFriendMessage,C2S,1 + byArray.length,1,,i8/bytes,0,
3134,Uy,ChannelMemberFlagsMessage,S2C,,0,,i8,1,
3134,Uy,ChannelMemberFlagsMessage,S2C,,1,,i8,1,
3134,Uy,ChannelMemberFlagsMessage,S2C,,2,,i8,1,
3135,aer_0,RemoveIgnoreMessage,C2S,1 + byArray.length,0,,i8/bytes,0,
3135,aer_0,RemoveIgnoreMessage,C2S,1 + byArray.length,1,,i8/bytes,0,
3136,ato_0,ChannelMemberKickMessage,S2C,,0,,i8,1,
3136,ato_0,ChannelMemberKickMessage,S2C,,1,,i8,1,
3136,ato_0,ChannelMemberKickMessage,S2C,,2,,i8,1,
3138,ax_2,ChannelMembersMessage,S2C,,0,,u8,1,
3140,xb_1,ChannelContentMessage,S2C,,0,,i8,1,
3140,xb_1,ChannelContentMessage,S2C,,1,,i8,1,
3140,xb_1,ChannelContentMessage,S2C,,2,,i8,1,
3142,wh_0,ChatUserFlagsMessage,S2C,,0,,i8,1,
3142,wh_0,ChatUserFlagsMessage,S2C,,1,,i8,1,
3144,aaf_1,FriendListMessage,S2C,,0,,u8,1,"contains loop/collection - variable-length, verify source"
3144,aaf_1,FriendListMessage,S2C,,1,,i16,2,"contains loop/collection - variable-length, verify source"
3146,abh_0,IgnoreListMessage,S2C,,0,,i8,1,"contains loop/collection - variable-length, verify source"
3146,abh_0,IgnoreListMessage,S2C,,1,,u8,1,"contains loop/collection - variable-length, verify source"
3148,dh_0,NotificationFriendOnlineMessage,S2C,,0,,u8,1,
3148,dh_0,NotificationFriendOnlineMessage,S2C,,1,,u8,1,
3148,dh_0,NotificationFriendOnlineMessage,S2C,,2,,u8,1,
3148,dh_0,NotificationFriendOnlineMessage,S2C,,3,,i64,8,
3148,dh_0,NotificationFriendOnlineMessage,S2C,,4,,i16,2,
3148,dh_0,NotificationFriendOnlineMessage,S2C,,5,,i8,1,
3148,dh_0,NotificationFriendOnlineMessage,S2C,,6,,i64,8,
3150,pv_0,NotificationFriendOfflineMessage,S2C,,0,,u8,1,
3150,pv_0,NotificationFriendOfflineMessage,S2C,,1,,u8,1,
3151,acS,UserChannelContentMessage,C2S,1 + byArray.length + 1 + byArray2.length,0,,i8/bytes,0,
3151,acS,UserChannelContentMessage,C2S,1 + byArray.length + 1 + byArray2.length,1,,i8/bytes,0,
3151,acS,UserChannelContentMessage,C2S,1 + byArray.length + 1 + byArray2.length,2,,i8/bytes,0,
3151,acS,UserChannelContentMessage,C2S,1 + byArray.length + 1 + byArray2.length,3,,i8/bytes,0,
3152,ck_0,VicinityContentMessage,S2C,,0,,u8,1,
3152,ck_0,VicinityContentMessage,S2C,,1,,i64,8,
3152,ck_0,VicinityContentMessage,S2C,,2,,i16,2,
3153,bb_0,UserVicinityContentMessage,C2S,2 + byArray.length,0,,i16,2,
3153,bb_0,UserVicinityContentMessage,C2S,2 + byArray.length,1,,i8/bytes,0,
3154,ais_2,PrivateContentMessage,S2C,,0,,u8,1,
3154,ais_2,PrivateContentMessage,S2C,,1,,i64,8,
3154,ais_2,PrivateContentMessage,S2C,,2,,u8,1,
3155,Xk,UserPrivateContentMessage,C2S,1 + byArray2.length + 1 + byArray.length,0,,i8/bytes,0,
3155,Xk,UserPrivateContentMessage,C2S,1 + byArray2.length + 1 + byArray.length,1,,i8/bytes,0,
3155,Xk,UserPrivateContentMessage,C2S,1 + byArray2.length + 1 + byArray.length,2,,i8/bytes,0,
3155,Xk,UserPrivateContentMessage,C2S,1 + byArray2.length + 1 + byArray.length,3,,i8/bytes,0,
3156,kz_1,FriendAddedMessage,S2C,,0,,u8,1,
3156,kz_1,FriendAddedMessage,S2C,,1,,u8,1,
3156,kz_1,FriendAddedMessage,S2C,,2,,i64,8,
3156,kz_1,FriendAddedMessage,S2C,,3,,i16,2,
3156,kz_1,FriendAddedMessage,S2C,,4,,i8,1,
3156,kz_1,FriendAddedMessage,S2C,,5,,i16,2,
3158,ft_0,IgnoreAddedMessage,S2C,,0,,u8,1,
3158,ft_0,IgnoreAddedMessage,S2C,,1,,u8,1,
3159,afq_0,,C2S,2 + byArray.length,0,,i16,2,
3159,afq_0,,C2S,2 + byArray.length,1,,i8/bytes,0,
3160,adw_1,FriendRemovedMessage,S2C,,0,,u8,1,
3161,aux_,,C2S,10 + byArray.length,0,,i64,8,
3161,aux_,,C2S,10 + byArray.length,1,,i16,2,
3161,aux_,,C2S,10 + byArray.length,2,,i8/bytes,0,
3162,ahm_0,IgnoreRemovedMessage,S2C,,0,,u8,1,
3164,jH,NotificationIgnoreOnlineMessage,S2C,,0,,u8,1,
3164,jH,NotificationIgnoreOnlineMessage,S2C,,1,,i64,8,
3166,jf_0,NotificationIgnoreOfflineMessage,S2C,,0,,u8,1,
3168,ayy,,S2C,,0,,u8,1,
3168,ayy,,S2C,,1,,i64,8,
3168,ayy,,S2C,,2,,i16,2,
3170,aik_1,,S2C,,0,,u8,1,
3170,aik_1,,S2C,,1,,i64,8,
3170,aik_1,,S2C,,2,,i16,2,
3198,ano_1,,S2C,,0,,u8,1,
3198,ano_1,,S2C,,1,,i64,8,
3198,ano_1,,S2C,,2,,i16,2,
3199,ak,,C2S,2 + byArray.length + 8,0,,i16,2,
3199,ak,,C2S,2 + byArray.length + 8,1,,i8/bytes,0,
3199,ak,,C2S,2 + byArray.length + 8,2,,i64,8,
3202,qv_0,ChannelNotFoundMessage,S2C,,0,,i8,1,
3204,ve_1,UserNotFoundMessage,S2C,,0,,i8,1,
3206,amd_1,MalformedCommandMessage,S2C,,,(no fields / empty),,,
3208,ez_2,MemberNotFoundMessage,S2C,,0,,i8,1,
3210,lx_0,NotEnoughPrivilegesMessage,S2C,,,(no fields / empty),,,
3212,adm_0,NotYetImplementedMessage,S2C,,,(no fields / empty),,,
3214,as_0,TargetIsYourselfMessage,S2C,,,(no fields / empty),,,
3216,avs,OperationNotPermitedMessage,S2C,,,(no fields / empty),,,
4000,tg_1,,S2C,,0,,i32,4,
4001,tc_2,,S2C,,0,,i8,1,"contains loop/collection - variable-length, verify source"
4001,tc_2,,S2C,,1,,i8,1,"contains loop/collection - variable-length, verify source"
4001,tc_2,,S2C,,2,,i32,4,"contains loop/collection - variable-length, verify source"
4096,xe_2,ActorSpawnMessage,S2C,1 (min),0,,i32,4,"contains loop/collection - variable-length, verify source"
4096,xe_2,ActorSpawnMessage,S2C,1 (min),1,,i8,1,"contains loop/collection - variable-length, verify source"
4098,th_1,ActorDespawnMessage,S2C,1 (min),0,,i32,4,"contains loop/collection - variable-length, verify source"
4098,th_1,ActorDespawnMessage,S2C,1 (min),1,,i64,8,"contains loop/collection - variable-length, verify source"
4102,aEV,ActorAppearMessage,S2C,,0,,i8,1,"contains loop/collection - variable-length, verify source"
4102,aEV,ActorAppearMessage,S2C,,1,,i64,8,"contains loop/collection - variable-length, verify source"
4102,aEV,ActorAppearMessage,S2C,,2,,i32,4,"contains loop/collection - variable-length, verify source"
4102,aEV,ActorAppearMessage,S2C,,3,,i32,4,"contains loop/collection - variable-length, verify source"
4102,aEV,ActorAppearMessage,S2C,,4,,i16,2,"contains loop/collection - variable-length, verify source"
4102,aEV,ActorAppearMessage,S2C,,5,,i8,1,"contains loop/collection - variable-length, verify source"
4104,aya_0,ActorDisapearMessage,S2C,,0,,i16,2,"contains loop/collection - variable-length, verify source"
4104,aya_0,ActorDisapearMessage,S2C,,1,,i64,8,"contains loop/collection - variable-length, verify source"
4106,aqb_0,ActorRepositionMessage,S2C,,0,,i16,2,"contains loop/collection - variable-length, verify source"
4106,aqb_0,ActorRepositionMessage,S2C,,1,,i64,8,"contains loop/collection - variable-length, verify source"
4106,aqb_0,ActorRepositionMessage,S2C,,2,,i32,4,"contains loop/collection - variable-length, verify source"
4106,aqb_0,ActorRepositionMessage,S2C,,3,,i32,4,"contains loop/collection - variable-length, verify source"
4106,aqb_0,ActorRepositionMessage,S2C,,4,,i16,2,"contains loop/collection - variable-length, verify source"
4309,n,FightInvitationErrorMessage,S2C,,,(no fields / empty),,,
4311,aff_2,FightCreationCancelMessage,S2C,,,(no fields / empty),,,
4500,avf_0,ActorMovementMessage,S2C,8 (min),0,,i64,8,"contains loop/collection - variable-length, verify source"
4500,avf_0,ActorMovementMessage,S2C,8 (min),1,,i32,4,"contains loop/collection - variable-length, verify source"
4500,avf_0,ActorMovementMessage,S2C,8 (min),2,,i32,4,"contains loop/collection - variable-length, verify source"
4500,avf_0,ActorMovementMessage,S2C,8 (min),3,,i16,2,"contains loop/collection - variable-length, verify source"
4501,aLY,CoachActorMovementRequestMessage,C2S,n3,0,,i32,4,"contains loop/collection - variable-length, verify source"
4501,aLY,CoachActorMovementRequestMessage,C2S,n3,1,,i32,4,"contains loop/collection - variable-length, verify source"
4501,aLY,CoachActorMovementRequestMessage,C2S,n3,2,,i16,2,"contains loop/collection - variable-length, verify source"
4503,md_1,FighterActorMovementRequestMessage,C2S,8 + n3,0,,i64,8,"contains loop/collection - variable-length, verify source"
4503,md_1,FighterActorMovementRequestMessage,C2S,8 + n3,1,,i32,4,"contains loop/collection - variable-length, verify source"
4503,md_1,FighterActorMovementRequestMessage,C2S,8 + n3,2,,i32,4,"contains loop/collection - variable-length, verify source"
4503,md_1,FighterActorMovementRequestMessage,C2S,8 + n3,3,,i16,2,"contains loop/collection - variable-length, verify source"
4506,acg,FighterTackledMessage,S2C,24 (exact),0,apt,i32,4,header:o
4506,acg,FighterTackledMessage,S2C,24 (exact),1,apu,i32,4,header:o
4506,acg,FighterTackledMessage,S2C,24 (exact),2,,i64,8,
4506,acg,FighterTackledMessage,S2C,24 (exact),3,,i64,8,
4510,xp_0,ActorTeleportsMessage,S2C,18 (exact),0,,i64,8,
4510,xp_0,ActorTeleportsMessage,S2C,18 (exact),1,,i32,4,
4510,xp_0,ActorTeleportsMessage,S2C,18 (exact),2,,i32,4,
4510,xp_0,ActorTeleportsMessage,S2C,18 (exact),3,,i16,2,
4512,Gs,,C2S,n2,0,,i32,4,
4514,aII,,C2S,,,(no fields / empty),,,
4516,yu_1,,S2C,,,(no fields / empty),,,
4517,aae_2,,C2S,,,(no fields / empty),,,
4518,Ab,,C2S,,,(no fields / empty),,,
4519,aOx,,C2S,,,(no fields / empty),,,
4520,cd_2,FighterDiesMessage,S2C,16 (exact),0,apt,i32,4,header:o
4520,cd_2,FighterDiesMessage,S2C,16 (exact),1,apu,i32,4,header:o
4520,cd_2,FighterDiesMessage,S2C,16 (exact),2,,i64,8,
4521,lr_2,FighterActorDirectionChangeRequestMessage,C2S,9,0,,i64,8,
4521,lr_2,FighterActorDirectionChangeRequestMessage,C2S,9,1,,i8/bytes,0,
4522,u_0,FighterChangeDirectionMessage,S2C,,0,apt,i32,4,header:o
4522,u_0,FighterChangeDirectionMessage,S2C,,1,apu,i32,4,header:o
4522,u_0,FighterChangeDirectionMessage,S2C,,2,,i64,8,
4522,u_0,FighterChangeDirectionMessage,S2C,,3,,i8,1,
4523,anv_0,,C2S,,,(no fields / empty),,,
4524,yr_1,FighterMoveMessage,S2C,16 (min),0,apt,i32,4,header:o
4524,yr_1,FighterMoveMessage,S2C,16 (min),1,apu,i32,4,header:o
4524,yr_1,FighterMoveMessage,S2C,16 (min),2,,i64,8,"contains loop/collection - variable-length, verify source"
4524,yr_1,FighterMoveMessage,S2C,16 (min),3,,i32,4,"contains loop/collection - variable-length, verify source"
4524,yr_1,FighterMoveMessage,S2C,16 (min),4,,i32,4,"contains loop/collection - variable-length, verify source"
4524,yr_1,FighterMoveMessage,S2C,16 (min),5,,i16,2,"contains loop/collection - variable-length, verify source"
4600,aec_2,EnterInstanceMessage,S2C,,0,,f32,4,
4600,aec_2,EnterInstanceMessage,S2C,,1,,f32,4,
4600,aec_2,EnterInstanceMessage,S2C,,2,,i16,2,
4600,aec_2,EnterInstanceMessage,S2C,,3,,i16,2,
4600,aec_2,EnterInstanceMessage,S2C,,4,,i8,1,
4601,afV,,S2C,,0,,i16,2,"contains loop/collection - variable-length, verify source"
4601,afV,,S2C,,1,,i64,8,"contains loop/collection - variable-length, verify source"
4601,afV,,S2C,,2,,i16,2,"contains loop/collection - variable-length, verify source"
4601,afV,,S2C,,3,,i64,8,"contains loop/collection - variable-length, verify source"
4607,aik_0,,C2S,n2,0,,i64,8,
4607,aik_0,,C2S,n2,1,,i64,8,
4607,aik_0,,C2S,n2,2,,i16,2,
4607,aik_0,,C2S,n2,3,,i32,4,
4700,azt_0,,S2C,,0,,i64,8,
4700,azt_0,,S2C,,1,,i8,1,
4701,JY,,C2S,1 + byArray.length + 4,0,,i8/bytes,0,
4701,JY,,C2S,1 + byArray.length + 4,1,,i8/bytes,0,
4701,JY,,C2S,1 + byArray.length + 4,2,,i32,4,
4800,yd,,S2C,,0,,i32,4,"contains loop/collection - variable-length, verify source"
4800,yd,,S2C,,1,,i32,4,"contains loop/collection - variable-length, verify source"
4800,yd,,S2C,,2,,i64,8,"contains loop/collection - variable-length, verify source"
4900,xk_0,,S2C,,0,apt,i32,4,header:o
4900,xk_0,,S2C,,1,apu,i32,4,header:o
4900,xk_0,,S2C,,2,,i64,8,
4900,xk_0,,S2C,,3,,i64,8,
4900,xk_0,,S2C,,4,,i32,4,
4901,xy_2,,S2C,,0,apt,i32,4,header:o
4901,xy_2,,S2C,,1,apu,i32,4,header:o
4901,xy_2,,S2C,,2,,i64,8,
4902,aiz_0,,S2C,,0,apt,i32,4,header:o
4902,aiz_0,,S2C,,1,apu,i32,4,header:o
4902,aiz_0,,S2C,,2,,i64,8,
5000,CU,NoInstanceServerAvailableMessage,S2C,,,(no fields / empty),,,
5101,fw_1,ItemExchangeInvitationRequestMessage,C2S,8,0,,i64,8,
5102,uo_1,ItemExchangeInvitationMessage,S2C,,0,,i64,8,
5102,uo_1,ItemExchangeInvitationMessage,S2C,,1,,i64,8,
5102,uo_1,ItemExchangeInvitationMessage,S2C,,2,,u8,1,
5103,tw_0,ItemExchangeInvitationAnswerMessage,C2S,9,0,,i64,8,
5103,tw_0,ItemExchangeInvitationAnswerMessage,C2S,9,1,,i8/bytes,0,
5104,Ul,ItemExchangeInvitationConfirmationMessage,S2C,,0,,i8,1,
5104,Ul,ItemExchangeInvitationConfirmationMessage,S2C,,1,,i64,8,
5104,Ul,ItemExchangeInvitationConfirmationMessage,S2C,,2,,i64,8,
5109,ahJ,ItemExchangeCardAddedMessage,C2S,8,0,,i64,8,
5110,asH,ItemExchangeCardRemovedMessage,S2C,,0,,i64,8,
5110,asH,ItemExchangeCardRemovedMessage,S2C,,1,,i8,1,
5110,asH,ItemExchangeCardRemovedMessage,S2C,,2,,i16,2,
5111,any,ItemExchangeEndMessage,C2S,8,0,,i64,8,
5112,aaz_1,ItemExchangeUserReadyMessage,S2C,,0,,i64,8,
5112,aaz_1,ItemExchangeUserReadyMessage,S2C,,1,,i8,1,
5112,aaz_1,ItemExchangeUserReadyMessage,S2C,,2,,i16,2,
5113,Or,,S2C,,0,,i8,1,
5113,Or,,S2C,,1,,i64,8,
5114,aqX,,S2C,,0,,i8,1,
5114,aqX,,S2C,,1,,i64,8,
5116,dl_0,,S2C,,0,,i64,8,
5116,dl_0,,S2C,,1,,i8,1,
5200,air_2,CoachInventoryUpdateMessage,S2C,,0,,i16,2,"contains loop/collection - variable-length, verify source"
5200,air_2,CoachInventoryUpdateMessage,S2C,,1,,i16,2,"contains loop/collection - variable-length, verify source"
5200,air_2,CoachInventoryUpdateMessage,S2C,,2,,i16,2,"contains loop/collection - variable-length, verify source"
5200,air_2,CoachInventoryUpdateMessage,S2C,,3,,i16,2,"contains loop/collection - variable-length, verify source"
5200,air_2,CoachInventoryUpdateMessage,S2C,,4,,i16,2,"contains loop/collection - variable-length, verify source"
5200,air_2,CoachInventoryUpdateMessage,S2C,,5,,i16,2,"contains loop/collection - variable-length, verify source"
5200,air_2,CoachInventoryUpdateMessage,S2C,,6,,i16,2,"contains loop/collection - variable-length, verify source"
5200,air_2,CoachInventoryUpdateMessage,S2C,,7,,i16,2,"contains loop/collection - variable-length, verify source"
5200,air_2,CoachInventoryUpdateMessage,S2C,,8,,i32,4,"contains loop/collection - variable-length, verify source"
5201,aEl,CoachEquipmentUpdateRequestMessage,C2S,56,0,,i32,4,"contains loop/collection - variable-length, verify source"
5202,yz_2,CoachEquipmentUpdateMessage,S2C,,0,,i64,8,
5202,yz_2,CoachEquipmentUpdateMessage,S2C,,1,,i16,2,
5203,fh_0,CoachInventoryUpdateRequestMessage,C2S,2 + 8 * this.aVl.size(,0,,i16,2,"contains loop/collection - variable-length, verify source"
5203,fh_0,CoachInventoryUpdateRequestMessage,C2S,2 + 8 * this.aVl.size(,1,,i64,8,"contains loop/collection - variable-length, verify source"
5203,fh_0,CoachInventoryUpdateRequestMessage,C2S,2 + 8 * this.aVl.size(,2,,i16,2,"contains loop/collection - variable-length, verify source"
5204,ajm_2,,C2S,4,0,,i32,4,
5300,yg,,C2S,,,(no fields / empty),,,
5301,axZ,,?,,,(no fields / empty),,,
5400,aOo,,C2S,6 + this.bts.size(,0,,i32,4,"contains loop/collection - variable-length, verify source"
5400,aOo,,C2S,6 + this.bts.size(,1,,i16,2,"contains loop/collection - variable-length, verify source"
5400,aOo,,C2S,6 + this.bts.size(,2,,i32,4,"contains loop/collection - variable-length, verify source"
5400,aOo,,C2S,6 + this.bts.size(,3,,i16,2,"contains loop/collection - variable-length, verify source"
5400,aOo,,C2S,6 + this.bts.size(,4,,i32,4,"contains loop/collection - variable-length, verify source"
5400,aOo,,C2S,6 + this.bts.size(,5,,i16,2,"contains loop/collection - variable-length, verify source"
5401,NN,,S2C,,0,,i8,1,"contains loop/collection - variable-length, verify source"
5401,NN,,S2C,,1,,i32,4,"contains loop/collection - variable-length, verify source"
5401,NN,,S2C,,2,,i16,2,"contains loop/collection - variable-length, verify source"
5403,mj_1,,S2C,,0,,i8,1,"contains loop/collection - variable-length, verify source"
5403,mj_1,,S2C,,1,,i8,1,"contains loop/collection - variable-length, verify source"
5403,mj_1,,S2C,,2,,i8,1,"contains loop/collection - variable-length, verify source"
5403,mj_1,,S2C,,3,,i32,4,"contains loop/collection - variable-length, verify source"
5450,mo_2,,C2S,6 + this.bts.size(,0,,i32,4,"contains loop/collection - variable-length, verify source"
5450,mo_2,,C2S,6 + this.bts.size(,1,,i16,2,"contains loop/collection - variable-length, verify source"
5450,mo_2,,C2S,6 + this.bts.size(,2,,i32,4,"contains loop/collection - variable-length, verify source"
5470,Zu,,C2S,6 + this.cdf.length * 6,0,,i16,2,"contains loop/collection - variable-length, verify source"
5470,Zu,,C2S,6 + this.cdf.length * 6,1,,i16,2,"contains loop/collection - variable-length, verify source"
5470,Zu,,C2S,6 + this.cdf.length * 6,2,,i32,4,"contains loop/collection - variable-length, verify source"
5470,Zu,,C2S,6 + this.cdf.length * 6,3,,i16,2,"contains loop/collection - variable-length, verify source"
5490,ahg_0,,C2S,n3,0,,i32,4,"contains loop/collection - variable-length, verify source"
5490,ahg_0,,C2S,n3,1,,i32,4,"contains loop/collection - variable-length, verify source"
5491,agr_2,,S2C,,0,,i8,1,
5491,agr_2,,S2C,,1,,i32,4,
5491,agr_2,,S2C,,2,,i32,4,
5491,agr_2,,S2C,,3,,i32,4,
6000,aiy_2,CreationFighterInformationMessage,S2C,,0,,i8,1,
6000,aiy_2,CreationFighterInformationMessage,S2C,,1,,i64,8,
6000,aiy_2,CreationFighterInformationMessage,S2C,,2,,i64,8,
6000,aiy_2,CreationFighterInformationMessage,S2C,,3,,i16,2,
6000,aiy_2,CreationFighterInformationMessage,S2C,,4,,i8,1,
6000,aiy_2,CreationFighterInformationMessage,S2C,,5,,i16,2,
6001,aNb,CreateFighterInformationRequestMessage,C2S,3 + byArray.length + 2,0,,i8/bytes,0,
6001,aNb,CreateFighterInformationRequestMessage,C2S,3 + byArray.length + 2,1,,i16,2,
6001,aNb,CreateFighterInformationRequestMessage,C2S,3 + byArray.length + 2,2,,i16,2,
6001,aNb,CreateFighterInformationRequestMessage,C2S,3 + byArray.length + 2,3,,i8/bytes,0,
6002,DQ,DeletionFighterInformationMessage,S2C,,0,,i8,1,
6002,DQ,DeletionFighterInformationMessage,S2C,,1,,i64,8,
6002,DQ,DeletionFighterInformationMessage,S2C,,2,,i64,8,
6003,ot_2,DeleteFighterInformationRequestMessage,C2S,10,0,,i64,8,
6003,ot_2,DeleteFighterInformationRequestMessage,C2S,10,1,,i16,2,
6006,jt_2,FighterInformationListMessage,S2C,,0,,i64,8,"contains loop/collection - variable-length, verify source"
6006,jt_2,FighterInformationListMessage,S2C,,1,,i8,1,"contains loop/collection - variable-length, verify source"
6006,jt_2,FighterInformationListMessage,S2C,,2,,i64,8,"contains loop/collection - variable-length, verify source"
6006,jt_2,FighterInformationListMessage,S2C,,3,,i16,2,"contains loop/collection - variable-length, verify source"
6010,nl_1,UpdatedFighterInformationInventoryMessage,S2C,,0,,i64,8,
6010,nl_1,UpdatedFighterInformationInventoryMessage,S2C,,1,,i8,1,
6010,nl_1,UpdatedFighterInformationInventoryMessage,S2C,,2,,i16,2,
6010,nl_1,UpdatedFighterInformationInventoryMessage,S2C,,3,,i16,2,
6011,bp_1,UpdateFighterInventoryRequestMessage,C2S,12 + byArray.length + 2 + byArray2.length,0,,i64,8,
6011,bp_1,UpdateFighterInventoryRequestMessage,C2S,12 + byArray.length + 2 + byArray2.length,1,,i16,2,
6011,bp_1,UpdateFighterInventoryRequestMessage,C2S,12 + byArray.length + 2 + byArray2.length,2,,i16,2,
6011,bp_1,UpdateFighterInventoryRequestMessage,C2S,12 + byArray.length + 2 + byArray2.length,3,,i8/bytes,0,
6011,bp_1,UpdateFighterInventoryRequestMessage,C2S,12 + byArray.length + 2 + byArray2.length,4,,i16,2,
6011,bp_1,UpdateFighterInventoryRequestMessage,C2S,12 + byArray.length + 2 + byArray2.length,5,,i8/bytes,0,
6013,qp_1,,C2S,20,0,,i64,8,
6013,qp_1,,C2S,20,1,,i16,2,
6013,qp_1,,C2S,20,2,,i16,2,
6013,qp_1,,C2S,20,3,,i64,8,
6014,aoi,,S2C,,0,,i8,1,
6014,aoi,,S2C,,1,,i64,8,
6014,aoi,,S2C,,2,,i16,2,
6014,aoi,,S2C,,3,,i16,2,
6014,aoi,,S2C,,4,,i64,8,
6014,aoi,,S2C,,5,,i64,8,
6020,aic_0,SaveTeamPresetMessage,S2C,,0,,i8,1,"contains loop/collection - variable-length, verify source"
6020,aic_0,SaveTeamPresetMessage,S2C,,1,,i64,8,"contains loop/collection - variable-length, verify source"
6020,aic_0,SaveTeamPresetMessage,S2C,,2,,i8,1,"contains loop/collection - variable-length, verify source"
6021,aqH,SaveTeamPresetRequestMessage,C2S,byArray.length + 1,0,,i8/bytes,0,
6022,agH,DeletionTeamPresetMessage,S2C,,0,,i8,1,
6022,agH,DeletionTeamPresetMessage,S2C,,1,,i16,2,
6023,aad_1,DeleteTeamPresetRequestMessage,C2S,12,0,,i64,8,
6023,aad_1,DeleteTeamPresetRequestMessage,C2S,12,1,,i16,2,
6023,aad_1,DeleteTeamPresetRequestMessage,C2S,12,2,,i16,2,
6024,ir_0,,C2S,1 + byArray.length + 8 + 8,0,,i8/bytes,0,
6024,ir_0,,C2S,1 + byArray.length + 8 + 8,1,,i8/bytes,0,
6024,ir_0,,C2S,1 + byArray.length + 8 + 8,2,,i64,8,
6024,ir_0,,C2S,1 + byArray.length + 8 + 8,3,,i64,8,
6025,dy_2,,S2C,,0,,i8,1,
6025,dy_2,,S2C,,1,,i8,1,
6025,dy_2,,S2C,,2,,i64,8,
6025,dy_2,,S2C,,3,,i64,8,
6026,abB,,C2S,2 + byArray.length + 8 + 8 + 2,0,,i8/bytes,0,
6026,abB,,C2S,2 + byArray.length + 8 + 8 + 2,1,,i8/bytes,0,
6026,abB,,C2S,2 + byArray.length + 8 + 8 + 2,2,,i8/bytes,0,
6026,abB,,C2S,2 + byArray.length + 8 + 8 + 2,3,,i64,8,
6026,abB,,C2S,2 + byArray.length + 8 + 8 + 2,4,,i64,8,
6026,abB,,C2S,2 + byArray.length + 8 + 8 + 2,5,,i16,2,
6027,lk_0,,S2C,,,(no fields / empty),,,
6028,ahh_2,,S2C,,,(no fields / empty),,,
6029,OJ,,S2C,,0,,i8,1,
6030,ar_0,TeamPresetListMessage,S2C,,0,,i8,1,"contains loop/collection - variable-length, verify source"
6030,ar_0,TeamPresetListMessage,S2C,,1,,i8,1,"contains loop/collection - variable-length, verify source"
6030,ar_0,TeamPresetListMessage,S2C,,2,,i64,8,"contains loop/collection - variable-length, verify source"
6030,ar_0,TeamPresetListMessage,S2C,,3,,i8,1,"contains loop/collection - variable-length, verify source"
6031,ys_1,TeamPresetListRequestMessage,C2S,,,(no fields / empty),,,
6032,gd_0,,S2C,,0,,i8,1,"contains loop/collection - variable-length, verify source"
6032,gd_0,,S2C,,1,,i16,2,"contains loop/collection - variable-length, verify source"
6032,gd_0,,S2C,,2,,i8,1,"contains loop/collection - variable-length, verify source"
6200,jD,EffectAreaActionMessage,S2C,,0,apt,i32,4,header:o
6200,jD,EffectAreaActionMessage,S2C,,1,apu,i32,4,header:o
6200,jD,EffectAreaActionMessage,S2C,,2,,i8,1,
6200,jD,EffectAreaActionMessage,S2C,,3,,i64,8,
6200,jD,EffectAreaActionMessage,S2C,,4,,i64,8,
6200,jD,EffectAreaActionMessage,S2C,,5,,i64,8,
8000,aat_2,FightCreationMessage,S2C,,0,,i8,1,
8010,akx_1,StartPresentationMessage,S2C,,,(no fields / empty),,,
8011,au_2,TeamMateSetReadyForPlacementRequestMessage,C2S,,,(no fields / empty),,,
8012,aio_0,TeamMateSetReadyForPlacementMessage,S2C,,0,,i64,8,
8018,akl_1,EndPresentationMessage,S2C,,,(no fields / empty),,,
8020,ut,StartPlacementMessage,S2C,,,(no fields / empty),,,
8021,adn_0,MoveToFreePlacementRequestMessage,C2S,18,0,,i64,8,
8021,adn_0,MoveToFreePlacementRequestMessage,C2S,18,1,,i32,4,
8021,adn_0,MoveToFreePlacementRequestMessage,C2S,18,2,,i32,4,
8021,adn_0,MoveToFreePlacementRequestMessage,C2S,18,3,,i16,2,
8022,lk_2,MoveToFreePlacementMessage,S2C,,0,,i64,8,
8022,lk_2,MoveToFreePlacementMessage,S2C,,1,,i32,4,
8022,lk_2,MoveToFreePlacementMessage,S2C,,2,,i32,4,
8022,lk_2,MoveToFreePlacementMessage,S2C,,3,,i16,2,
8023,auq_0,TeamMateSetReadyForObservationRequestMessage,C2S,,,(no fields / empty),,,
8024,dw_1,TeamMateSetReadyForObservationMessage,S2C,,0,,i64,8,
8028,aaw_0,EndPlacementMessage,S2C,,,(no fields / empty),,,
8030,agp_2,StartObservationMessage,S2C,,,(no fields / empty),,,
8031,nS,TeamMateSetReadyForActionRequestMessage,C2S,,,(no fields / empty),,,
8032,aMC,TeamMateSetReadyForActionMessage,S2C,,0,,i64,8,
8038,aPo,EndObservationMessage,S2C,,,(no fields / empty),,,
8040,tt_0,StartActionMessage,S2C,,,(no fields / empty),,,
8100,jg_1,NewTableTurnBeginMessage,S2C,,0,apt,i32,4,header:o
8100,jg_1,NewTableTurnBeginMessage,S2C,,1,apu,i32,4,header:o
8100,jg_1,NewTableTurnBeginMessage,S2C,,2,,i8,1,
8100,jg_1,NewTableTurnBeginMessage,S2C,,3,,i32,4,
8104,kw_2,FighterTurnBeginMessage,S2C,,0,apt,i32,4,header:o
8104,kw_2,FighterTurnBeginMessage,S2C,,1,apu,i32,4,header:o
8104,kw_2,FighterTurnBeginMessage,S2C,,2,,i64,8,
8105,rC,FighterEndTurnRequestMessage,C2S,8,0,,i64,8,
8106,TJ,FighterTurnEndMessage,S2C,,0,apt,i32,4,header:o
8106,TJ,FighterTurnEndMessage,S2C,,1,apu,i32,4,header:o
8106,TJ,FighterTurnEndMessage,S2C,,2,,i64,8,
8107,sg_2,FighterCardUseRequestMessage,C2S,22,0,,i64,8,
8107,sg_2,FighterCardUseRequestMessage,C2S,22,1,,i32,4,
8107,sg_2,FighterCardUseRequestMessage,C2S,22,2,,i32,4,
8107,sg_2,FighterCardUseRequestMessage,C2S,22,3,,i32,4,
8107,sg_2,FighterCardUseRequestMessage,C2S,22,4,,i16,2,
8108,arn_0,FighterCardUseMessage,S2C,21 (min),0,apt,i32,4,header:o
8108,arn_0,FighterCardUseMessage,S2C,21 (min),1,apu,i32,4,header:o
8108,arn_0,FighterCardUseMessage,S2C,21 (min),2,,i64,8,
8108,arn_0,FighterCardUseMessage,S2C,21 (min),3,,i32,4,
8108,arn_0,FighterCardUseMessage,S2C,21 (min),4,,i8,1,
8108,arn_0,FighterCardUseMessage,S2C,21 (min),5,,i8,1,
8108,arn_0,FighterCardUseMessage,S2C,21 (min),6,,i32,4,
8108,arn_0,FighterCardUseMessage,S2C,21 (min),7,,i32,4,
8108,arn_0,FighterCardUseMessage,S2C,21 (min),8,,i16,2,
8109,mc_2,SpellCastRequestMessage,C2S,22,0,,i64,8,
8109,mc_2,SpellCastRequestMessage,C2S,22,1,,i32,4,
8109,mc_2,SpellCastRequestMessage,C2S,22,2,,i32,4,
8109,mc_2,SpellCastRequestMessage,C2S,22,3,,i32,4,
8109,mc_2,SpellCastRequestMessage,C2S,22,4,,i16,2,
8110,axn_0,SpellCastMessage,S2C,21 (min),0,apt,i32,4,header:o
8110,axn_0,SpellCastMessage,S2C,21 (min),1,apu,i32,4,header:o
8110,axn_0,SpellCastMessage,S2C,21 (min),2,,i64,8,
8110,axn_0,SpellCastMessage,S2C,21 (min),3,,i32,4,
8110,axn_0,SpellCastMessage,S2C,21 (min),4,,i8,1,
8110,axn_0,SpellCastMessage,S2C,21 (min),5,,i8,1,
8110,axn_0,SpellCastMessage,S2C,21 (min),6,,i32,4,
8110,axn_0,SpellCastMessage,S2C,21 (min),7,,i32,4,
8110,axn_0,SpellCastMessage,S2C,21 (min),8,,i16,2,
8111,aso_0,CloseCombatRequestMessage,C2S,18,0,,i64,8,
8111,aso_0,CloseCombatRequestMessage,C2S,18,1,,i32,4,
8111,aso_0,CloseCombatRequestMessage,C2S,18,2,,i32,4,
8111,aso_0,CloseCombatRequestMessage,C2S,18,3,,i16,2,
8112,aAD,CloseCombatMessage,S2C,17 (min),0,apt,i32,4,header:o
8112,aAD,CloseCombatMessage,S2C,17 (min),1,apu,i32,4,header:o
8112,aAD,CloseCombatMessage,S2C,17 (min),2,,i64,8,
8112,aAD,CloseCombatMessage,S2C,17 (min),3,,i8,1,
8112,aAD,CloseCombatMessage,S2C,17 (min),4,,i8,1,
8112,aAD,CloseCombatMessage,S2C,17 (min),5,,i32,4,
8112,aAD,CloseCombatMessage,S2C,17 (min),6,,i32,4,
8112,aAD,CloseCombatMessage,S2C,17 (min),7,,i16,2,
8120,amb_0,RunningEffectActionMessage,S2C,,0,apt,i32,4,header:o
8120,amb_0,RunningEffectActionMessage,S2C,,1,apu,i32,4,header:o
8120,amb_0,RunningEffectActionMessage,S2C,,2,,i8,1,
8120,amb_0,RunningEffectActionMessage,S2C,,3,,i8,1,
8120,amb_0,RunningEffectActionMessage,S2C,,4,,i32,4,
8120,amb_0,RunningEffectActionMessage,S2C,,5,,i32,4,
8120,amb_0,RunningEffectActionMessage,S2C,,6,,i16,2,
8121,rq_2,,S2C,,0,,i32,4,
8121,rq_2,,S2C,,1,,i16,2,
8122,zq_1,,S2C,,0,,i64,8,
8122,zq_1,,S2C,,1,,i64,8,
8151,as_1,GiveUpFightRequestMessage,C2S,,,(no fields / empty),,,
8200,ayj_0,FightActionSequenceExecute,S2C,,,(no fields / empty),,,
8250,wc_2,,S2C,,0,,i64,8,
8250,wc_2,,S2C,,1,,i8,1,
8300,YP,EndFightMessage,S2C,9 (min),0,apt,i32,4,header:o
8300,YP,EndFightMessage,S2C,9 (min),1,apu,i32,4,header:o
8300,YP,EndFightMessage,S2C,9 (min),2,,i8,1,"contains loop/collection - variable-length, verify source"
8300,YP,EndFightMessage,S2C,9 (min),3,,i16,2,"contains loop/collection - variable-length, verify source"
8300,YP,EndFightMessage,S2C,9 (min),4,,i32,4,"contains loop/collection - variable-length, verify source"
8300,YP,EndFightMessage,S2C,9 (min),5,,i64,8,"contains loop/collection - variable-length, verify source"
8300,YP,EndFightMessage,S2C,9 (min),6,,i32,4,"contains loop/collection - variable-length, verify source"
8300,YP,EndFightMessage,S2C,9 (min),7,,i32,4,"contains loop/collection - variable-length, verify source"
8300,YP,EndFightMessage,S2C,9 (min),8,,i64,8,"contains loop/collection - variable-length, verify source"
8300,YP,EndFightMessage,S2C,9 (min),9,,i32,4,"contains loop/collection - variable-length, verify source"
8300,YP,EndFightMessage,S2C,9 (min),10,,i8,1,"contains loop/collection - variable-length, verify source"
8300,YP,EndFightMessage,S2C,9 (min),11,,i64,8,"contains loop/collection - variable-length, verify source"
8300,YP,EndFightMessage,S2C,9 (min),12,,i16,2,"contains loop/collection - variable-length, verify source"
8300,YP,EndFightMessage,S2C,9 (min),13,,i16,2,"contains loop/collection - variable-length, verify source"
8300,YP,EndFightMessage,S2C,9 (min),14,,i8,1,"contains loop/collection - variable-length, verify source"
8300,YP,EndFightMessage,S2C,9 (min),15,,i64,8,"contains loop/collection - variable-length, verify source"
8300,YP,EndFightMessage,S2C,9 (min),16,,i16,2,"contains loop/collection - variable-length, verify source"
8300,YP,EndFightMessage,S2C,9 (min),17,,i16,2,"contains loop/collection - variable-length, verify source"
8300,YP,EndFightMessage,S2C,9 (min),18,,i16,2,"contains loop/collection - variable-length, verify source"
8300,YP,EndFightMessage,S2C,9 (min),19,,i16,2,"contains loop/collection - variable-length, verify source"
8300,YP,EndFightMessage,S2C,9 (min),20,,i8,1,"contains loop/collection - variable-length, verify source"
8300,YP,EndFightMessage,S2C,9 (min),21,,i64,8,"contains loop/collection - variable-length, verify source"
8300,YP,EndFightMessage,S2C,9 (min),22,,i16,2,"contains loop/collection - variable-length, verify source"
8300,YP,EndFightMessage,S2C,9 (min),23,,i8,1,"contains loop/collection - variable-length, verify source"
8300,YP,EndFightMessage,S2C,9 (min),24,,i8,1,"contains loop/collection - variable-length, verify source"
8300,YP,EndFightMessage,S2C,9 (min),25,,i32,4,"contains loop/collection - variable-length, verify source"
8400,aBZ,,S2C,,,(no fields / empty),,,
15000,ajs_0,,C2S,,,(no fields / empty),,,
15001,ayV,,S2C,,0,,i16,2,"contains loop/collection - variable-length, verify source"
15003,Eh,,S2C,,0,,i64,8,
15004,ads_0,,C2S,1 + this.dxo.length * 8,0,,i8/bytes,0,"contains loop/collection - variable-length, verify source"
15004,ads_0,,C2S,1 + this.dxo.length * 8,1,,i64,8,"contains loop/collection - variable-length, verify source"
15005,wt_2,,S2C,,0,,i8,1,
15006,akk_1,,C2S,9,0,,i64,8,
15007,cb,,S2C,,0,,i64,8,"contains loop/collection - variable-length, verify source"
15007,cb,,S2C,,1,,i64,8,"contains loop/collection - variable-length, verify source"
15007,cb,,S2C,,2,,i8,1,"contains loop/collection - variable-length, verify source"
15506,rr_1,,C2S,1 + byArray.length,0,,i8/bytes,0,
15506,rr_1,,C2S,1 + byArray.length,1,,i8/bytes,0,
15507,afj_2,,S2C,,0,,i64,8,
17002,yq_1,,C2S,,,(no fields / empty),,,
17003,awa_0,,S2C,,0,,i16,2,"contains loop/collection - variable-length, verify source"
17003,awa_0,,S2C,,1,,i32,4,"contains loop/collection - variable-length, verify source"
17004,fu_2,,C2S,8,0,,i64,8,
17005,aef_1,,S2C,,0,,i32,4,
17006,agh_2,,C2S,8 + this.dzD.nj(,0,,i64,8,
17006,agh_2,,C2S,8 + this.dzD.nj(,1,,i8/bytes,0,
17008,ald_2,,C2S,1 + n2,0,,i8/bytes,0,"contains loop/collection - variable-length, verify source"
17008,ald_2,,C2S,1 + n2,1,,i8/bytes,0,"contains loop/collection - variable-length, verify source"
17008,ald_2,,C2S,1 + n2,2,,i8/bytes,0,"contains loop/collection - variable-length, verify source"
17010,aFu,,C2S,6 + this.dHa.length * 4 + 8 + 8 + 8 + 1 + this.dHe.size(,0,,i32,4,"contains loop/collection - variable-length, verify source"
17010,aFu,,C2S,6 + this.dHa.length * 4 + 8 + 8 + 8 + 1 + this.dHe.size(,1,,i16,2,"contains loop/collection - variable-length, verify source"
17010,aFu,,C2S,6 + this.dHa.length * 4 + 8 + 8 + 8 + 1 + this.dHe.size(,2,,i32,4,"contains loop/collection - variable-length, verify source"
17010,aFu,,C2S,6 + this.dHa.length * 4 + 8 + 8 + 8 + 1 + this.dHe.size(,3,,i64,8,"contains loop/collection - variable-length, verify source"
17010,aFu,,C2S,6 + this.dHa.length * 4 + 8 + 8 + 8 + 1 + this.dHe.size(,4,,i64,8,"contains loop/collection - variable-length, verify source"
17010,aFu,,C2S,6 + this.dHa.length * 4 + 8 + 8 + 8 + 1 + this.dHe.size(,5,,i64,8,"contains loop/collection - variable-length, verify source"
17010,aFu,,C2S,6 + this.dHa.length * 4 + 8 + 8 + 8 + 1 + this.dHe.size(,6,,i8/bytes,0,"contains loop/collection - variable-length, verify source"
17010,aFu,,C2S,6 + this.dHa.length * 4 + 8 + 8 + 8 + 1 + this.dHe.size(,7,,i64,8,"contains loop/collection - variable-length, verify source"
17010,aFu,,C2S,6 + this.dHa.length * 4 + 8 + 8 + 8 + 1 + this.dHe.size(,8,,i8/bytes,0,"contains loop/collection - variable-length, verify source"
17010,aFu,,C2S,6 + this.dHa.length * 4 + 8 + 8 + 8 + 1 + this.dHe.size(,9,,i8/bytes,0,"contains loop/collection - variable-length, verify source"
17010,aFu,,C2S,6 + this.dHa.length * 4 + 8 + 8 + 8 + 1 + this.dHe.size(,10,,i16,2,"contains loop/collection - variable-length, verify source"
17010,aFu,,C2S,6 + this.dHa.length * 4 + 8 + 8 + 8 + 1 + this.dHe.size(,11,,i8/bytes,0,"contains loop/collection - variable-length, verify source"
17010,aFu,,C2S,6 + this.dHa.length * 4 + 8 + 8 + 8 + 1 + this.dHe.size(,12,,i8/bytes,0,"contains loop/collection - variable-length, verify source"
17010,aFu,,C2S,6 + this.dHa.length * 4 + 8 + 8 + 8 + 1 + this.dHe.size(,13,,i64,8,"contains loop/collection - variable-length, verify source"
17010,aFu,,C2S,6 + this.dHa.length * 4 + 8 + 8 + 8 + 1 + this.dHe.size(,14,,i32,4,"contains loop/collection - variable-length, verify source"
17010,aFu,,C2S,6 + this.dHa.length * 4 + 8 + 8 + 8 + 1 + this.dHe.size(,15,,i8/bytes,0,"contains loop/collection - variable-length, verify source"
17010,aFu,,C2S,6 + this.dHa.length * 4 + 8 + 8 + 8 + 1 + this.dHe.size(,16,,i32,4,"contains loop/collection - variable-length, verify source"
22000,ade_0,,S2C,,0,,i16,2,
22001,anp_0,,C2S,,,(no fields / empty),,,
22002,ls_0,,S2C,,0,,i32,4,"contains loop/collection - variable-length, verify source"
22002,ls_0,,S2C,,1,,i16,2,"contains loop/collection - variable-length, verify source"
22002,ls_0,,S2C,,2,,i16,2,"contains loop/collection - variable-length, verify source"
22003,nq,,C2S,5,0,,i16,2,
22003,nq,,C2S,5,1,,i8/bytes,0,
22003,nq,,C2S,5,2,,i16,2,
22004,axH,,C2S,8,0,,i64,8,
22092,axA,,S2C,,0,,i64,8,
22092,axA,,S2C,,1,,i16,2,
22093,Tx,,C2S,4,0,,i32,4,
22094,la_1,,S2C,,0,,i32,4,
22094,la_1,,S2C,,1,,i32,4,
22094,la_1,,S2C,,2,,i32,4,
22094,la_1,,S2C,,3,,i32,4,
22094,la_1,,S2C,,4,,i64,8,
22095,axf_0,,C2S,20,0,,i32,4,
22095,axf_0,,C2S,20,1,,i32,4,
22095,axf_0,,C2S,20,2,,i32,4,
22095,axf_0,,C2S,20,3,,i64,8,
22097,OB,,C2S,4,0,,i32,4,
22099,bw,,C2S,12,0,,i64,8,
22099,bw,,C2S,12,1,,i32,4,
23000,Jc,,C2S,9,0,,i64,8,
23000,Jc,,C2S,9,1,,i8/bytes,0,
23001,abn_0,,C2S,n2,0,,i64,8,
23001,abn_0,,C2S,n2,1,,i16,2,
23002,wf_2,,S2C,,0,,i8,1,
23003,ajw_0,,C2S,n2,0,,i64,8,
23003,ajw_0,,C2S,n2,1,,i16,2,
23004,amh_0,,S2C,,0,,i16,2,
23004,amh_0,,S2C,,1,,i8,1,
23006,azl_0,,S2C,,,(no fields / empty),,,
23008,KL,,S2C,,0,,i8,1,
23009,aow_2,,C2S,16,0,,i64,8,
23009,aow_2,,C2S,16,1,,i32,4,
23009,aow_2,,C2S,16,2,,i32,4,
23101,bm_1,,C2S,n2,0,,i64,8,
23101,bm_1,,C2S,n2,1,,i16,2,
23102,ada_1,,S2C,,0,,i8,1,
23103,atj_0,,C2S,n2,0,,i64,8,
23103,atj_0,,C2S,n2,1,,i16,2,
23104,aLi,,S2C,,0,,i16,2,
23104,aLi,,S2C,,1,,i8,1,
23106,ads_2,,S2C,,,(no fields / empty),,,
23108,M,,S2C,,0,,i8,1,
23110,tb_2,,S2C,,0,,i64,8,"contains loop/collection - variable-length, verify source"
23110,tb_2,,S2C,,1,,i32,4,"contains loop/collection - variable-length, verify source"
23110,tb_2,,S2C,,2,,i32,4,"contains loop/collection - variable-length, verify source"
23110,tb_2,,S2C,,3,,i64,8,"contains loop/collection - variable-length, verify source"
23110,tb_2,,S2C,,4,,i16,2,"contains loop/collection - variable-length, verify source"
23110,tb_2,,S2C,,5,,i16,2,"contains loop/collection - variable-length, verify source"
23110,tb_2,,S2C,,6,,i32,4,"contains loop/collection - variable-length, verify source"
23110,tb_2,,S2C,,7,,i64,8,"contains loop/collection - variable-length, verify source"
23112,aku_1,,S2C,,0,,i8,1,
23114,acz_2,,C2S,n3,0,,i64,8,"contains loop/collection - variable-length, verify source"
23114,acz_2,,C2S,n3,1,,i64,8,"contains loop/collection - variable-length, verify source"
23114,acz_2,,C2S,n3,2,,i16,2,"contains loop/collection - variable-length, verify source"
23114,acz_2,,C2S,n3,3,,i16,2,"contains loop/collection - variable-length, verify source"
23114,acz_2,,C2S,n3,4,,i32,4,"contains loop/collection - variable-length, verify source"
23114,acz_2,,C2S,n3,5,,i64,8,"contains loop/collection - variable-length, verify source"
23114,acz_2,,C2S,n3,6,,i8/bytes,0,"contains loop/collection - variable-length, verify source"
23116,aex_0,,C2S,n3,0,,i32,4,"contains loop/collection - variable-length, verify source"
23116,aex_0,,C2S,n3,1,,i64,8,"contains loop/collection - variable-length, verify source"
25000,az,,S2C,,0,,i8,1,
26300,wu_2,,S2C,,0,,i64,8,"contains loop/collection - variable-length, verify source"
26300,wu_2,,S2C,,1,,i8,1,"contains loop/collection - variable-length, verify source"
26300,wu_2,,S2C,,2,,i8,1,"contains loop/collection - variable-length, verify source"
26300,wu_2,,S2C,,3,,i8,1,"contains loop/collection - variable-length, verify source"
26300,wu_2,,S2C,,4,,i32,4,"contains loop/collection - variable-length, verify source"
26301,hk_1,,C2S,9,0,,i64,8,
26301,hk_1,,C2S,9,1,,i8/bytes,0,
26302,pu_1,,S2C,,0,,i64,8,
26302,pu_1,,S2C,,1,,i8,1,
26303,bl_1,,C2S,10,0,,i64,8,
26303,bl_1,,C2S,10,1,,i16,2,
26304,gz_0,,S2C,,0,,i64,8,
26305,vT,,C2S,9,0,,i64,8,
26305,vT,,C2S,9,1,,i8/bytes,0,
26307,mz_0,,C2S,8,0,,i64,8,
26310,nx_1,,S2C,,0,,i64,8,
26310,nx_1,,S2C,,1,,i8,1,
26312,axr_0,,S2C,,,(no fields / empty),,,
26313,aju_1,,C2S,10 + 8 * this.dRv.size(,0,,i8/bytes,0,"contains loop/collection - variable-length, verify source"
26313,aju_1,,C2S,10 + 8 * this.dRv.size(,1,,i64,8,"contains loop/collection - variable-length, verify source"
26313,aju_1,,C2S,10 + 8 * this.dRv.size(,2,,i8/bytes,0,"contains loop/collection - variable-length, verify source"
26313,aju_1,,C2S,10 + 8 * this.dRv.size(,3,,i64,8,"contains loop/collection - variable-length, verify source"
26314,ahV,,S2C,,0,,i8,1,
26314,ahV,,S2C,,1,,i16,2,
26314,ahV,,S2C,,2,,i8,1,
26314,ahV,,S2C,,3,,i64,8,
26321,nv_0,,C2S,,,(no fields / empty),,,
26330,alv_1,,C2S,6,0,,i32,4,
26330,alv_1,,C2S,6,1,,i16,2,
26331,x_0,,C2S,8,0,,i64,8,
26332,azb_0,,S2C,,,(no fields / empty),,,
26333,uz_0,,S2C,,,(no fields / empty),,,
26334,aiw_1,,C2S,1,0,,i8/bytes,0,
27500,dp_0,,C2S,n3,0,,i32,4,
27501,azd_0,,S2C,,0,,i32,4,"contains loop/collection - variable-length, verify source"
27501,azd_0,,S2C,,1,,i32,4,"contains loop/collection - variable-length, verify source"
27501,azd_0,,S2C,,2,,i32,4,"contains loop/collection - variable-length, verify source"
27501,azd_0,,S2C,,3,,i32,4,"contains loop/collection - variable-length, verify source"
27501,azd_0,,S2C,,4,,i32,4,"contains loop/collection - variable-length, verify source"
27501,azd_0,,S2C,,5,,i32,4,"contains loop/collection - variable-length, verify source"
27501,azd_0,,S2C,,6,,i16,2,"contains loop/collection - variable-length, verify source"
27501,azd_0,,S2C,,7,,i32,4,"contains loop/collection - variable-length, verify source"
27501,azd_0,,S2C,,8,,i32,4,"contains loop/collection - variable-length, verify source"
27501,azd_0,,S2C,,9,,i32,4,"contains loop/collection - variable-length, verify source"
27501,azd_0,,S2C,,10,,i32,4,"contains loop/collection - variable-length, verify source"
27501,azd_0,,S2C,,11,,i32,4,"contains loop/collection - variable-length, verify source"
27501,azd_0,,S2C,,12,,i32,4,"contains loop/collection - variable-length, verify source"
27501,azd_0,,S2C,,13,,i8,1,"contains loop/collection - variable-length, verify source"
27502,pc_1,,C2S,n3,0,,i16,2,
27502,pc_1,,C2S,n3,1,,i32,4,
27503,ij_1,,S2C,,0,,i16,2,"contains loop/collection - variable-length, verify source"
27503,ij_1,,S2C,,1,,i32,4,"contains loop/collection - variable-length, verify source"
27503,ij_1,,S2C,,2,,i32,4,"contains loop/collection - variable-length, verify source"
27503,ij_1,,S2C,,3,,i32,4,"contains loop/collection - variable-length, verify source"
27503,ij_1,,S2C,,4,,i32,4,"contains loop/collection - variable-length, verify source"
27503,ij_1,,S2C,,5,,i32,4,"contains loop/collection - variable-length, verify source"
27504,vg_1,,C2S,n3,0,,i32,4,
27505,aka_0,,S2C,,0,,i32,4,"contains loop/collection - variable-length, verify source"
27505,aka_0,,S2C,,1,,i32,4,"contains loop/collection - variable-length, verify source"
27505,aka_0,,S2C,,2,,i32,4,"contains loop/collection - variable-length, verify source"
27505,aka_0,,S2C,,3,,i32,4,"contains loop/collection - variable-length, verify source"
27505,aka_0,,S2C,,4,,i32,4,"contains loop/collection - variable-length, verify source"
27505,aka_0,,S2C,,5,,i32,4,"contains loop/collection - variable-length, verify source"
27505,aka_0,,S2C,,6,,i32,4,"contains loop/collection - variable-length, verify source"
27505,aka_0,,S2C,,7,,i32,4,"contains loop/collection - variable-length, verify source"
27505,aka_0,,S2C,,8,,i16,2,"contains loop/collection - variable-length, verify source"
27505,aka_0,,S2C,,9,,i32,4,"contains loop/collection - variable-length, verify source"
27505,aka_0,,S2C,,10,,i32,4,"contains loop/collection - variable-length, verify source"
27505,aka_0,,S2C,,11,,i32,4,"contains loop/collection - variable-length, verify source"
27505,aka_0,,S2C,,12,,i32,4,"contains loop/collection - variable-length, verify source"
27505,aka_0,,S2C,,13,,i32,4,"contains loop/collection - variable-length, verify source"
27505,aka_0,,S2C,,14,,i32,4,"contains loop/collection - variable-length, verify source"
27505,aka_0,,S2C,,15,,i32,4,"contains loop/collection - variable-length, verify source"
27506,qk_2,,C2S,n5 += 4,0,,i32,4,
27506,qk_2,,C2S,n5 += 4,1,,i32,4,
27506,qk_2,,C2S,n5 += 4,2,,i32,4,
27506,qk_2,,C2S,n5 += 4,3,,i8/bytes,0,
27506,qk_2,,C2S,n5 += 4,4,,i8/bytes,0,
27506,qk_2,,C2S,n5 += 4,5,,i16,2,
27507,uj_0,,S2C,,0,,i8,1,"contains loop/collection - variable-length, verify source"
27507,uj_0,,S2C,,1,,i8,1,"contains loop/collection - variable-length, verify source"
27507,uj_0,,S2C,,2,,i16,2,"contains loop/collection - variable-length, verify source"
27507,uj_0,,S2C,,3,,i32,4,"contains loop/collection - variable-length, verify source"
27507,uj_0,,S2C,,4,,i32,4,"contains loop/collection - variable-length, verify source"
27507,uj_0,,S2C,,5,,i32,4,"contains loop/collection - variable-length, verify source"
27507,uj_0,,S2C,,6,,i32,4,"contains loop/collection - variable-length, verify source"
27507,uj_0,,S2C,,7,,i32,4,"contains loop/collection - variable-length, verify source"
27507,uj_0,,S2C,,8,,i32,4,"contains loop/collection - variable-length, verify source"
27507,uj_0,,S2C,,9,,i32,4,"contains loop/collection - variable-length, verify source"
27507,uj_0,,S2C,,10,,i32,4,"contains loop/collection - variable-length, verify source"
27507,uj_0,,S2C,,11,,i32,4,"contains loop/collection - variable-length, verify source"
27507,uj_0,,S2C,,12,,i8,1,"contains loop/collection - variable-length, verify source"
27507,uj_0,,S2C,,13,,i32,4,"contains loop/collection - variable-length, verify source"
27507,uj_0,,S2C,,14,,i32,4,"contains loop/collection - variable-length, verify source"
27507,uj_0,,S2C,,15,,i32,4,"contains loop/collection - variable-length, verify source"
27507,uj_0,,S2C,,16,,i32,4,"contains loop/collection - variable-length, verify source"
27507,uj_0,,S2C,,17,,i32,4,"contains loop/collection - variable-length, verify source"
27507,uj_0,,S2C,,18,,i32,4,"contains loop/collection - variable-length, verify source"
27507,uj_0,,S2C,,19,,i8,1,"contains loop/collection - variable-length, verify source"
27507,uj_0,,S2C,,20,,i32,4,"contains loop/collection - variable-length, verify source"
27507,uj_0,,S2C,,21,,i32,4,"contains loop/collection - variable-length, verify source"
27507,uj_0,,S2C,,22,,i32,4,"contains loop/collection - variable-length, verify source"
27507,uj_0,,S2C,,23,,i32,4,"contains loop/collection - variable-length, verify source"
27507,uj_0,,S2C,,24,,i32,4,"contains loop/collection - variable-length, verify source"
27507,uj_0,,S2C,,25,,i32,4,"contains loop/collection - variable-length, verify source"
27507,uj_0,,S2C,,26,,i8,1,"contains loop/collection - variable-length, verify source"
27508,aa_2,,C2S,n3,0,,i32,4,
27509,jw_0,,S2C,,0,,i32,4,"contains loop/collection - variable-length, verify source"
27509,jw_0,,S2C,,1,,i32,4,"contains loop/collection - variable-length, verify source"
27509,jw_0,,S2C,,2,,i32,4,"contains loop/collection - variable-length, verify source"
27509,jw_0,,S2C,,3,,i32,4,"contains loop/collection - variable-length, verify source"
27509,jw_0,,S2C,,4,,i32,4,"contains loop/collection - variable-length, verify source"
27509,jw_0,,S2C,,5,,i32,4,"contains loop/collection - variable-length, verify source"
27509,jw_0,,S2C,,6,,i32,4,"contains loop/collection - variable-length, verify source"
27509,jw_0,,S2C,,7,,i32,4,"contains loop/collection - variable-length, verify source"
27509,jw_0,,S2C,,8,,i32,4,"contains loop/collection - variable-length, verify source"
27509,jw_0,,S2C,,9,,i32,4,"contains loop/collection - variable-length, verify source"
27509,jw_0,,S2C,,10,,i16,2,"contains loop/collection - variable-length, verify source"
27509,jw_0,,S2C,,11,,i8,1,"contains loop/collection - variable-length, verify source"
27510,aid_1,,C2S,n3,0,,i16,2,
27510,aid_1,,C2S,n3,1,,i16,2,
27510,aid_1,,C2S,n3,2,,i32,4,
27511,anc_0,,S2C,,0,,i16,2,"contains loop/collection - variable-length, verify source"
27511,anc_0,,S2C,,1,,i16,2,"contains loop/collection - variable-length, verify source"
27511,anc_0,,S2C,,2,,i32,4,"contains loop/collection - variable-length, verify source"
27511,anc_0,,S2C,,3,,i32,4,"contains loop/collection - variable-length, verify source"
27511,anc_0,,S2C,,4,,i32,4,"contains loop/collection - variable-length, verify source"
27511,anc_0,,S2C,,5,,i64,8,"contains loop/collection - variable-length, verify source"
27511,anc_0,,S2C,,6,,i64,8,"contains loop/collection - variable-length, verify source"
27511,anc_0,,S2C,,7,,i64,8,"contains loop/collection - variable-length, verify source"
27511,anc_0,,S2C,,8,,i64,8,"contains loop/collection - variable-length, verify source"
27512,ow_2,,C2S,n3,0,,i16,2,
27512,ow_2,,C2S,n3,1,,i32,4,
27513,xn_2,,S2C,,0,,i16,2,"contains loop/collection - variable-length, verify source"
27513,xn_2,,S2C,,1,,i32,4,"contains loop/collection - variable-length, verify source"
27513,xn_2,,S2C,,2,,i32,4,"contains loop/collection - variable-length, verify source"
27513,xn_2,,S2C,,3,,i16,2,"contains loop/collection - variable-length, verify source"
27513,xn_2,,S2C,,4,,i64,8,"contains loop/collection - variable-length, verify source"
27513,xn_2,,S2C,,5,,i32,4,"contains loop/collection - variable-length, verify source"
27514,ck_2,,C2S,n5,0,,i32,4,
27514,ck_2,,C2S,n5,1,,i32,4,
27514,ck_2,,C2S,n5,2,,i32,4,
27515,amu_0,,S2C,,0,,i32,4,"contains loop/collection - variable-length, verify source"
27515,amu_0,,S2C,,1,,i32,4,"contains loop/collection - variable-length, verify source"
27515,amu_0,,S2C,,2,,i32,4,"contains loop/collection - variable-length, verify source"
27515,amu_0,,S2C,,3,,i32,4,"contains loop/collection - variable-length, verify source"
27515,amu_0,,S2C,,4,,i32,4,"contains loop/collection - variable-length, verify source"
27515,amu_0,,S2C,,5,,i32,4,"contains loop/collection - variable-length, verify source"
27515,amu_0,,S2C,,6,,i32,4,"contains loop/collection - variable-length, verify source"
27515,amu_0,,S2C,,7,,i16,2,"contains loop/collection - variable-length, verify source"
27515,amu_0,,S2C,,8,,i8,1,"contains loop/collection - variable-length, verify source"
27525,zz_0,,C2S,1 + this.zs.length + 1 + 1 + 1 + 2 + this.zw.length,0,,i8/bytes,0,
27525,zz_0,,C2S,1 + this.zs.length + 1 + 1 + 1 + 2 + this.zw.length,1,,i8/bytes,0,
27525,zz_0,,C2S,1 + this.zs.length + 1 + 1 + 1 + 2 + this.zw.length,2,,i8/bytes,0,
27525,zz_0,,C2S,1 + this.zs.length + 1 + 1 + 1 + 2 + this.zw.length,3,,i8/bytes,0,
27525,zz_0,,C2S,1 + this.zs.length + 1 + 1 + 1 + 2 + this.zw.length,4,,i8/bytes,0,
27525,zz_0,,C2S,1 + this.zs.length + 1 + 1 + 1 + 2 + this.zw.length,5,,i16,2,
27525,zz_0,,C2S,1 + this.zs.length + 1 + 1 + 1 + 2 + this.zw.length,6,,i8/bytes,0,
27526,jg_2,,S2C,,0,,i8,1,
27526,jg_2,,S2C,,1,,i8,1,
27526,jg_2,,S2C,,2,,i8,1,
27526,jg_2,,S2C,,3,,i8,1,
27526,jg_2,,S2C,,4,,i16,2,
27526,jg_2,,S2C,,5,,i64,8,
27527,gc_0,,C2S,1 + this.zs.length + 8 + 1,0,,i8/bytes,0,
27527,gc_0,,C2S,1 + this.zs.length + 8 + 1,1,,i8/bytes,0,
27527,gc_0,,C2S,1 + this.zs.length + 8 + 1,2,,i64,8,
27527,gc_0,,C2S,1 + this.zs.length + 8 + 1,3,,i8/bytes,0,
27528,eq_1,,S2C,,0,,i8,1,
27529,bl,,C2S,,,(no fields / empty),,,
27551,aib_1,,C2S,,,(no fields / empty),,,
27552,amk_0,,S2C,,,(no fields / empty),,,
28601,wa_2,,C2S,,,(no fields / empty),,,
28602,ng_2,,S2C,,0,,i32,4,"contains loop/collection - variable-length, verify source"
28602,ng_2,,S2C,,1,,i64,8,"contains loop/collection - variable-length, verify source"
28602,ng_2,,S2C,,2,,i8,1,"contains loop/collection - variable-length, verify source"
28602,ng_2,,S2C,,3,,i8,1,"contains loop/collection - variable-length, verify source"
28602,ng_2,,S2C,,4,,i16,2,"contains loop/collection - variable-length, verify source"
28602,ng_2,,S2C,,5,,i8,1,"contains loop/collection - variable-length, verify source"
28602,ng_2,,S2C,,6,,i32,4,"contains loop/collection - variable-length, verify source"
28602,ng_2,,S2C,,7,,i32,4,"contains loop/collection - variable-length, verify source"
28602,ng_2,,S2C,,8,,i32,4,"contains loop/collection - variable-length, verify source"
28602,ng_2,,S2C,,9,,i32,4,"contains loop/collection - variable-length, verify source"
28602,ng_2,,S2C,,10,,i32,4,"contains loop/collection - variable-length, verify source"
28602,ng_2,,S2C,,11,,i8,1,"contains loop/collection - variable-length, verify source"
28603,ayQ,,C2S,n2,0,,i16,2,
28603,ayQ,,C2S,n2,1,,i32,4,
28603,ayQ,,C2S,n2,2,,i8/bytes,0,
28604,auE,,S2C,,0,,i64,8,
28605,bi_2,,C2S,n2,0,,i64,8,
28606,aik,,S2C,,0,,i8,1,
28607,ago_0,,C2S,n2,0,,i64,8,
28607,ago_0,,C2S,n2,1,,i64,8,
28607,ago_0,,C2S,n2,2,,i16,2,
28607,ago_0,,C2S,n2,3,,i32,4,
28608,dy_0,,S2C,,0,,i64,8,
28608,dy_0,,S2C,,1,,i8,1,
28609,bt_0,,C2S,n2,0,,i64,8,
28609,bt_0,,C2S,n2,1,,i64,8,
28609,bt_0,,C2S,n2,2,,i16,2,
28610,de_0,,S2C,,0,,i8,1,
28611,ly_1,,C2S,n2,0,,i64,8,
28611,ly_1,,C2S,n2,1,,i64,8,
28611,ly_1,,C2S,n2,2,,i16,2,
28612,DR,,S2C,,0,,i64,8,
28612,DR,,S2C,,1,,i16,2,
28612,DR,,S2C,,2,,i8,1,
28614,azj_0,,S2C,,0,,i64,8,
28616,kw_1,,S2C,,0,,i8,1,
28616,kw_1,,S2C,,1,,i8,1,
28617,afg_2,,C2S,n2,0,,i64,8,
28618,ahd_0,,S2C,,0,,i64,8,
28620,Yq,,S2C,,0,,i8,1,"contains loop/collection - variable-length, verify source"
28620,Yq,,S2C,,1,,i64,8,"contains loop/collection - variable-length, verify source"
28620,Yq,,S2C,,2,,i32,4,"contains loop/collection - variable-length, verify source"
28620,Yq,,S2C,,3,,i64,8,"contains loop/collection - variable-length, verify source"
28620,Yq,,S2C,,4,,i32,4,"contains loop/collection - variable-length, verify source"
28620,Yq,,S2C,,5,,i32,4,"contains loop/collection - variable-length, verify source"
28620,Yq,,S2C,,6,,i32,4,"contains loop/collection - variable-length, verify source"
28620,Yq,,S2C,,7,,i64,8,"contains loop/collection - variable-length, verify source"
28622,uw_2,,S2C,,0,,i32,4,"contains loop/collection - variable-length, verify source"
28630,dg_0,,S2C,,0,,i64,8,
28630,dg_0,,S2C,,1,,i8,1,
28633,kx_2,,C2S,n2,0,,i64,8,
28633,kx_2,,C2S,n2,1,,i8/bytes,0,
28634,acn_2,,S2C,,0,,i8,1,
28635,aeC,,C2S,n2,0,,i64,8,
28635,aeC,,C2S,n2,1,,i8/bytes,0,
28635,aeC,,C2S,n2,2,,i8/bytes,0,
28635,aeC,,C2S,n2,3,,i64,8,
28636,aig_1,,S2C,,0,,i8,1,
28644,aaj_0,,S2C,,0,,i64,8,
28644,aaj_0,,S2C,,1,,i64,8,
28646,aNq,,S2C,,0,,i64,8,
28646,aNq,,S2C,,1,,i64,8,
28648,df_1,,S2C,,0,,i64,8,
28648,df_1,,S2C,,1,,i8,1,
28649,alf_0,,C2S,n3,0,,i64,8,
28649,alf_0,,C2S,n3,1,,i32,4,
28649,alf_0,,C2S,n3,2,,i32,4,
28649,alf_0,,C2S,n3,3,,i8/bytes,0,
28650,IL,,S2C,,0,,i32,4,"contains loop/collection - variable-length, verify source"
28650,IL,,S2C,,1,,i32,4,"contains loop/collection - variable-length, verify source"
28650,IL,,S2C,,2,,i32,4,"contains loop/collection - variable-length, verify source"
28650,IL,,S2C,,3,,i32,4,"contains loop/collection - variable-length, verify source"
28650,IL,,S2C,,4,,i32,4,"contains loop/collection - variable-length, verify source"
