cfr_name,original_name
A,A
AI,AI
AJ,AJ
AM,AM
AP,AP
AS,AS
AU,AU
AV,AV
AW,AW
Ab,Ab
Ac,Ac
Ad,Ad
Af,Af
An,An
Aq,Aq
Ax,Ax
B,B
BP,BP
BQ,BQ
BT,BT
BV,BV
BY,BY
Bb,Bb
Bc,Bc
Bf,Bf
Bg,Bg
Bk,Bk
Bs,Bs
C,C
CG,CG
CI,CI
CN,CN
CU,CU
Cc,Cc
Cm,Cm
Co,Co
Cp,Cp
Cs,Cs
Ct,Ct
D,D
DF,DF
DM,DM
DQ,DQ
DR,DR
DS,DS
DV,DV
Db,Db
Dg,Dg
Dj,Dj
Du,Du
Dw,Dw
E,E
EA,EA
EM,EM
EO,EO
ER,ER
EV,EV
EY,EY
Ed,Ed
Eh,Eh
Ei,Ei
Ej,Ej
Eq,Eq
Es,Es
Ew,Ew
F,F
FO,FO
FX,FX
Fa,Fa
Fc,Fc
Fd,Fd
Fh,Fh
Fm,Fm
Fn,Fn
Fq,Fq
Fu,Fu
Fw,Fw
G,G
GD,GD
GE,GE
GN,GN
GT,GT
GV,GV
GY,GY
GZ,GZ
Ga,Ga
Gb,Gb
Gf,Gf
Gk,Gk
Gp,Gp
Gr,Gr
Gs,Gs
Gx,Gx
HA,HA
HB,HB
HC,HC
HJ,HJ
HL,HL
HP,HP
HQ,HQ
HV,HV
HW,HW
Hf,Hf
Hh,Hh
Hs,Hs
Ht,Ht
Hu,Hu
IA,IA
IH,IH
IL,IL
IP,IP
IS,IS
IU,IU
IV,IV
Ib,Ib
If,If
Ii,Ii
Ik,Ik
Im,Im
Io,Io
Ir,Ir
Iw,Iw
Ix,Ix
Iy,Iy
J,J
JG,JG
JO,JO
JX,JX
JY,JY
Jc,Jc
Je,Je
Jk,Jk
Ju,Ju
KI,KI
KK,KK
KL,KL
KN,KN
KR,KR
KU,KU
KW,KW
KX,KX
Kf,Kf
Ko,Ko
Kt,Kt
Ky,Ky
LD,LD
LM,LM
LS,LS
LX,LX
La,La
Lb,Lb
Le,Le
Ll,Ll
Lr,Lr
Lw,Lw
Ly,Ly
Lz,Lz
M,M
MB,MB
MC,MC
MJ,MJ
MM,MM
MN,MN
MO,MO
MP,MP
MR,MR
MY,MY
Ma,Ma
Mf,Mf
Mg,Mg
Ms,Ms
Mz,Mz
NC,NC
ND,ND
NE,NE
NG,NG
NM,NM
NN,NN
NY,NY
Nh,Nh
Nl,Nl
Nr,Nr
OB,OB
OD,OD
OE,OE
OH,OH
OI,OI
OJ,OJ
OK,OK
OL,OL
OS,OS
OW,OW
OZ,OZ
Oa,Oa
Oc,Oc
Om,Om
On,On
Oo,Oo
Or,Or
Ou,Ou
P,P
PA,PA
PB,PB
PH,PH
PJ,PJ
PO,PO
PT,PT
PU,PU
PV,PV
PY,PY
PZ,PZ
Pf,Pf
Pg,Pg
Pi,Pi
Pm,Pm
Pq,Pq
Pr,Pr
QB,QB
QC,QC
QD,QD
QF,QF
QG,QG
QI,QI
QN,QN
QZ,QZ
Qa,Qa
R,R
RE,RE
RO,RO
RP,RP
RU,RU
Rq,Rq
Rr,Rr
Rx,Rx
S,S
SF,SF
SJ,SJ
SK,SK
SO,SO
SQ,SQ
ST,ST
Se,Se
Sg,Sg
Sm,Sm
Ss,Ss
Sz,Sz
T,T
TB,TB
TJ,TJ
TK,TK
TN,TN
TP,TP
TV,TV
Tc,Tc
Te,Te
Tg,Tg
Tm,Tm
Ts,Ts
Tw,Tw
Tx,Tx
Ty,Ty
U,U
UC,UC
UD,UD
UF,UF
UH,UH
UI,UI
UV,UV
UX,UX
Ue,Ue
Uj,Uj
Uk,Uk
Ul,Ul
Uo,Uo
Ur,Ur
Uy,Uy
Uz,Uz
V,V
VJ,VJ
VK,VK
Vb,Vb
Ve,Ve
Vm,Vm
Vw,Vw
Vz,Vz
W,W
WE,WE
WF,WF
WG,WG
WK,WK
WL,WL
WN,WN
WO,WO
WP,WP
WR,WR
WU,WU
WY,WY
Wb,Wb
Wd,Wd
Wh,Wh
Wi,Wi
Wm,Wm
Wq,Wq
Wt,Wt
Wv,Wv
Wz,Wz
XC,XC
XD,XD
XP,XP
XV,XV
XW,XW
Xe,Xe
Xg,Xg
Xh,Xh
Xi,Xi
Xk,Xk
Xu,Xu
Xz,Xz
YA,YA
YI,YI
YN,YN
YO,YO
YP,YP
YR,YR
YT,YT
YU,YU
YY,YY
Yk,Yk
Yq,Yq
Z,Z
ZC,ZC
ZT,ZT
Zb,Zb
Ze,Ze
Zi,Zi
Zq,Zq
Zu,Zu
aAD,aAD
aAF,aAF
aAN,aAN
aAQ,aAQ
aAU,aAU
aAY,aAY
aAZ,aAZ
aAe,aAe
aAi,aAi
aBC,aBC
aBH,aBH
aBK,aBK
aBR,aBR
aBT,aBT
aBV,aBV
aBW,aBW
aBX,aBX
aBZ,aBZ
aBg,aBg
aBi,aBi
aBn,aBn
aBp,aBp
aCH,aCH
aCI,aCI
aCP,aCP
aCV,aCV
aCW,aCW
aCZ,aCZ
aCb,aCb
aCc,aCc
aCd,aCd
aCk,aCk
aCo,aCo
aCr,aCr
aCu,aCu
aDI,aDI
aDJ,aDJ
aDM,aDM
aDN,aDN
aDU,aDU
aDa,aDa
aDc,aDc
aDe,aDe
aDf,aDf
aDk,aDk
aDl,aDl
aDv,aDv
aE,aE
aED,aED
aEG,aEG
aEH,aEH
aER,aER
aEV,aEV
aEZ,aEZ
aEe,aEe
aEj,aEj
aEl,aEl
aEm,aEm
aEn,aEn
aEo,aEo
aEp,aEp
aEq,aEq
aEs,aEs
aEt,aEt
aEy,aEy
aFA,aFA
aFC,aFC
aFD,aFD
aFF,aFF
aFH,aFH
aFL,aFL
aFM,aFM
aFe,aFe
aFu,aFu
aFx,aFx
aFy,aFy
aFz,aFz
aGB,aGB
aGC,aGC
aGI,aGI
aGJ,aGJ
aGQ,aGQ
aGT,aGT
aGU,aGU
aGa,aGa
aGd,aGd
aGf,aGf
aGl,aGl
aGm,aGm
aGs,aGs
aGx,aGx
aGz,aGz
aHK,aHK
aHL,aHL
aHO,aHO
aHP,aHP
aHS,aHS
aHX,aHX
aHY,aHY
aHe,aHe
aHq,aHq
aHr,aHr
aHw,aHw
aIE,aIE
aII,aII
aIL,aIL
aIN,aIN
aIT,aIT
aIX,aIX
aIc,aIc
aIg,aIg
aIo,aIo
aIp,aIp
aIs,aIs
aIy,aIy
aIz,aIz
aJB,aJB
aJF,aJF
aJS,aJS
aJd,aJd
aJg,aJg
aJh,aJh
aJj,aJj
aJl,aJl
aJn,aJn
aJp,aJp
aJq,aJq
aJr,aJr
aJt,aJt
aJv,aJv
aKD,aKD
aKH,aKH
aKI,aKI
aKW,aKW
aKf,aKf
aKg,aKg
aKj,aKj
aKp,aKp
aKt,aKt
aKy,aKy
aL,aL
aLE,aLE
aLH,aLH
aLM,aLM
aLN,aLN
aLO,aLO
aLR,aLR
aLY,aLY
aLb,aLb
aLc,aLc
aLf,aLf
aLi,aLi
aLl,aLl
aLs,aLs
aLt,aLt
aLu,aLu
aMC,aMC
aMK,aMK
aML,aML
aMM,aMM
aMO,aMO
aMP,aMP
aMV,aMV
aMW,aMW
aMZ,aMZ
aMg,aMg
aMi,aMi
aMj,aMj
aMn,aMn
aMx,aMx
aNH,aNH
aNS,aNS
aNT,aNT
aNX,aNX
aNZ,aNZ
aNa,aNa
aNb,aNb
aNc,aNc
aNd,aNd
aNe,aNe
aNi,aNi
aNj,aNj
aNk,aNk
aNl,aNl
aNq,aNq
aNu,aNu
aO,aO
aOB,aOB
aOE,aOE
aOG,aOG
aOH,aOH
aOJ,aOJ
aOV,aOV
aOW,aOW
aOa,aOa
aOf,aOf
aOl,aOl
aOo,aOo
aOp,aOp
aOt,aOt
aOx,aOx
aPb,aPb
aPk,aPk
aPl,aPl
aPo,aPo
aPp,aPp
aPt,aPt
aPu,aPu
aR,aR
aT,aT
a_0,a
aa,aa
aaB,aaB
aaG,aaG
aaH,aaH
aaL,aaL
aaM,aaM
aaO,aaO
aaR,aaR
aaW,aaW
aaX,aaX
aa_0,Aa
aa_1,AA
aa_2,aA
aaa,aaa
aaa_0,aaA
aaa_1,aAa
aaa_2,aAA
aab_0,aAb
aab_1,aab
aab_2,aAB
aac,aac
aac_0,aaC
aac_1,aAc
aac_2,aAC
aad_0,aaD
aad_1,aAd
aad_2,aad
aae_0,aaE
aae_1,aAE
aae_2,aae
aaf_0,aaf
aaf_1,aAf
aaf_2,aaF
aag_0,aag
aag_1,aAG
aag_2,aAg
aah_0,aAh
aah_1,aah
aah_2,aAH
aai_0,aAI
aai_1,aai
aai_2,aaI
aaj,aaj
aaj_0,aaJ
aaj_1,aAj
aaj_2,aAJ
aak,aak
aak_0,aAk
aak_1,aAK
aak_2,aaK
aal_0,aal
aal_1,aAl
aal_2,aAL
aam_0,aAM
aam_1,aAm
aam_2,aam
aan_0,aaN
aan_1,aAn
aan_2,aan
aao_0,aAO
aao_1,aao
aao_2,aAo
aap,aap
aap_0,aaP
aap_1,aAP
aap_2,aAp
aaq_0,aAq
aaq_1,aaq
aaq_2,aaQ
aar_0,aAr
aar_1,aar
aar_2,aAR
aas,aas
aas_0,aAs
aas_1,aaS
aas_2,aAS
aat,aat
aat_0,aaT
aat_1,aAT
aat_2,aAt
aau_0,aaU
aau_1,aau
aau_2,aAu
aav,aav
aav_0,aAv
aav_1,aaV
aav_2,aAV
aaw_0,aAw
aaw_1,aaw
aaw_2,aAW
aax_0,aax
aax_1,aAX
aax_2,aAx
aay_0,aaY
aay_1,aAy
aay_2,aay
aaz_0,aAz
aaz_1,aaz
aaz_2,aaZ
abB,abB
abD,abD
abF,abF
abJ,abJ
abM,abM
abO,abO
abQ,abQ
abS,abS
ab_0,aB
ab_1,AB
ab_2,ab
aba,aba
aba_0,abA
aba_1,aBa
aba_2,aBA
abb_0,abb
abb_1,aBB
abb_2,aBb
abc_0,abC
abc_1,abc
abc_2,aBc
abd_0,aBD
abd_1,aBd
abd_2,abd
abe,abe
abe_0,aBe
abe_1,aBE
abe_2,abE
abf_0,aBf
abf_1,abf
abf_2,aBF
abg_0,abg
abg_1,aBG
abg_2,abG
abh_0,aBh
abh_1,abh
abh_2,abH
abi_0,aBI
abi_1,abI
abi_2,abi
abj_0,aBJ
abj_1,aBj
abj_2,abj
abk_0,abk
abk_1,aBk
abk_2,abK
abl,abl
abl_0,aBl
abl_1,abL
abl_2,aBL
abm_0,aBm
abm_1,abm
abm_2,aBM
abn_0,aBN
abn_1,abN
abn_2,abn
abo_0,aBO
abo_1,abo
abo_2,aBo
abp_0,aBP
abp_1,abp
abp_2,abP
abq_0,aBq
abq_1,abq
abq_2,aBQ
abr_0,abr
abr_1,abR
abr_2,aBr
abs_0,aBS
abs_1,abs
abs_2,aBs
abt_0,abT
abt_1,aBt
abt_2,abt
abu,abu
abu_0,abU
abu_1,aBu
abu_2,aBU
abv_0,abV
abv_1,abv
abv_2,aBv
abw_0,abw
abw_1,aBw
abw_2,abW
abx_0,abx
abx_1,aBx
abx_2,abX
aby,aby
aby_0,aBY
aby_1,aBy
aby_2,abY
abz_0,abZ
abz_1,aBz
abz_2,abz
acJ,acJ
acL,acL
acM,acM
acS,acS
acX,acX
ac_0,AC
ac_1,ac
ac_2,aC
aca,aca
aca_0,aCA
aca_1,aCa
aca_2,acA
acb_0,acB
acb_1,aCB
acb_2,acb
acc_0,acC
acc_1,acc
acc_2,aCC
acd_0,acD
acd_1,aCD
acd_2,acd
ace,ace
ace_0,acE
ace_1,aCE
ace_2,aCe
acf,acf
acf_0,aCf
acf_1,acF
acf_2,aCF
acg,acg
acg_0,aCg
acg_1,acG
acg_2,aCG
ach_0,aCh
ach_1,acH
ach_2,ach
aci_0,aCi
aci_1,acI
aci_2,aci
acj_0,aCJ
acj_1,acj
acj_2,aCj
ack_0,acK
ack_1,ack
ack_2,aCK
acl_0,aCl
acl_1,acl
acl_2,aCL
acm_0,acm
acm_1,aCm
acm_2,aCM
acn,acn
acn_0,aCn
acn_1,acN
acn_2,aCN
aco_0,acO
aco_1,aCO
aco_2,aco
acp_0,acp
acp_1,acP
acp_2,aCp
acq,acq
acq_0,aCq
acq_1,acQ
acq_2,aCQ
acr_0,aCR
acr_1,acr
acr_2,acR
acs_0,aCS
acs_1,acs
acs_2,aCs
act,act
act_0,aCT
act_1,acT
act_2,aCt
acu_0,aCU
acu_1,acu
acu_2,acU
acv_0,acV
acv_1,acv
acv_2,aCv
acw_0,acw
acw_1,acW
acw_2,aCw
acx_0,aCX
acx_1,acx
acx_2,aCx
acy,acy
acy_0,aCY
acy_1,acY
acy_2,aCy
acz_0,aCz
acz_1,acZ
acz_2,acz
adG,adG
adT,adT
adW,adW
adX,adX
adY,adY
ad_0,ad
ad_1,AD
ad_2,aD
ada_0,adA
ada_1,aDA
ada_2,ada
adb,adb
adb_0,aDB
adb_1,adB
adb_2,aDb
adc_0,adc
adc_1,adC
adc_2,aDC
add,add
add_0,adD
add_1,aDd
add_2,aDD
ade_0,aDE
ade_1,ade
ade_2,adE
adf_0,adF
adf_1,adf
adf_2,aDF
adg_0,aDg
adg_1,adg
adg_2,aDG
adh,adh
adh_0,aDh
adh_1,adH
adh_2,aDH
adi_0,adI
adi_1,aDi
adi_2,adi
adj_0,adj
adj_1,adJ
adj_2,aDj
adk_0,aDK
adk_1,adk
adk_2,adK
adl_0,adL
adl_1,adl
adl_2,aDL
adm_0,adM
adm_1,adm
adm_2,aDm
adn_0,adN
adn_1,aDn
adn_2,adn
ado,ado
ado_0,aDO
ado_1,aDo
ado_2,adO
adp,adp
adp_0,aDp
adp_1,aDP
adp_2,adP
adq,adq
adq_0,aDQ
adq_1,aDq
adq_2,adQ
adr,adr
adr_0,aDr
adr_1,adR
adr_2,aDR
ads,ads
ads_0,aDs
ads_1,aDS
ads_2,adS
adt_0,adt
adt_1,aDt
adt_2,aDT
adu_0,adu
adu_1,aDu
adu_2,adU
adv_0,adV
adv_1,aDV
adv_2,adv
adw_0,adw
adw_1,aDw
adw_2,aDW
adx_0,aDX
adx_1,adx
adx_2,aDx
ady_0,aDy
ady_1,aDY
ady_2,ady
adz,adz
adz_0,aDZ
adz_1,adZ
adz_2,aDz
aeA,aeA
aeC,aeC
aeF,aeF
aeI,aeI
aeU,aeU
aeW,aeW
ae_0,Ae
ae_1,AE
ae_2,ae
aea_0,aEA
aea_1,aea
aea_2,aEa
aeb,aeb
aeb_0,aEB
aeb_1,aeB
aeb_2,aEb
aec_0,aEc
aec_1,aec
aec_2,aEC
aed_0,aed
aed_1,aeD
aed_2,aEd
aee_0,aee
aee_1,aEE
aee_2,aeE
aef_0,aef
aef_1,aEf
aef_2,aEF
aeg_0,aEg
aeg_1,aeg
aeg_2,aeG
aeh_0,aEh
aeh_1,aeh
aeh_2,aeH
aei_0,aEi
aei_1,aei
aei_2,aEI
aej_0,aej
aej_1,aEJ
aej_2,aeJ
aek,aek
aek_0,aeK
aek_1,aEK
aek_2,aEk
ael_0,aEL
ael_1,ael
ael_2,aeL
aem_0,aEM
aem_1,aeM
aem_2,aem
aen_0,aeN
aen_1,aEN
aen_2,aen
aeo_0,aeo
aeo_1,aEO
aeo_2,aeO
aep_0,aEP
aep_1,aeP
aep_2,aep
aeq_0,aeq
aeq_1,aeQ
aeq_2,aEQ
aer_0,aEr
aer_1,aer
aer_2,aeR
aes_0,aES
aes_1,aeS
aes_2,aes
aet_0,aET
aet_1,aet
aet_2,aeT
aeu_0,aEu
aeu_1,aEU
aeu_2,aeu
aev_0,aev
aev_1,aeV
aev_2,aEv
aew_0,aEw
aew_1,aEW
aew_2,aew
aex,aex
aex_0,aeX
aex_1,aEx
aex_2,aEX
aey_0,aey
aey_1,aEY
aey_2,aeY
aez_0,aEz
aez_1,aeZ
aez_2,aez
afB,afB
afI,afI
afJ,afJ
afK,afK
afN,afN
afP,afP
afQ,afQ
afT,afT
afV,afV
af_0,AF
af_1,af
af_2,aF
afa_0,afa
afa_1,aFa
afa_2,afA
afb_0,aFB
afb_1,afb
afb_2,aFb
afc_0,afc
afc_1,afC
afc_2,aFc
afd_0,afD
afd_1,afd
afd_2,aFd
afe_0,afE
afe_1,afe
afe_2,aFE
aff_0,afF
aff_1,aFf
aff_2,aff
afg,afg
afg_0,afg
afg_1,afG
afg_2,aFG
afh_0,afH
afh_1,aFh
afh_2,afh
afi_0,aFi
afi_1,afi
afi_2,aFI
afj_0,aFj
afj_1,afj
afj_2,aFJ
afk_0,aFK
afk_1,afk
afk_2,aFk
afl_0,afL
afl_1,aFl
afl_2,afl
afm_0,afm
afm_1,afM
afm_2,aFm
afn_0,aFN
afn_1,afn
afn_2,aFn
afo,afo
afo_0,aFO
afo_1,aFo
afo_2,afO
afp_0,aFP
afp_1,afp
afp_2,aFp
afq_0,aFQ
afq_1,aFq
afq_2,afq
afr,afr
afr_0,aFR
afr_1,aFr
afr_2,afR
afs,afs
afs_0,afS
afs_1,aFs
afs_2,aFS
aft_0,aft
aft_1,aFT
aft_2,aFt
afu_0,aFU
afu_1,afU
afu_2,afu
afv_0,afv
afv_1,aFV
afv_2,aFv
afw,afw
afw_0,afW
afw_1,aFW
afw_2,aFw
afx_0,afx
afx_1,afX
afx_2,aFX
afy_0,afy
afy_1,aFY
afy_2,afY
afz_0,afZ
afz_1,afz
afz_2,aFZ
ag,ag
agH,agH
agN,agN
agO,agO
agV,agV
agW,agW
agY,agY
ag_0,aG
ag_1,Ag
ag_2,AG
aga_0,aGA
aga_1,agA
aga_2,aga
agb_0,aGb
agb_1,agB
agb_2,agb
agc_0,agc
agc_1,aGc
agc_2,agC
agd_0,agd
agd_1,agD
agd_2,aGD
age,age
age_0,aGe
age_1,aGE
age_2,agE
agf_0,aGF
agf_1,agF
agf_2,agf
agg,agg
agg_0,aGg
agg_1,aGG
agg_2,agG
agh_0,aGH
agh_1,agh
agh_2,aGh
agi_0,aGi
agi_1,agI
agi_2,agi
agj_0,aGj
agj_1,agj
agj_2,agJ
agk,agk
agk_0,aGK
agk_1,aGk
agk_2,agK
agl_0,aGL
agl_1,agl
agl_2,agL
agm_0,aGM
agm_1,agM
agm_2,agm
agn_0,agn
agn_1,aGn
agn_2,aGN
ago_0,aGO
ago_1,ago
ago_2,aGo
agp,agp
agp_0,agP
agp_1,aGp
agp_2,aGP
agq_0,aGq
agq_1,agq
agq_2,agQ
agr,agr
agr_0,agR
agr_1,aGR
agr_2,aGr
ags_0,agS
ags_1,aGS
ags_2,ags
agt_0,agT
agt_1,aGt
agt_2,agt
agu_0,aGu
agu_1,agU
agu_2,agu
agv_0,aGv
agv_1,aGV
agv_2,agv
agw_0,aGW
agw_1,aGw
agw_2,agw
agx_0,agX
agx_1,agx
agx_2,aGX
agy_0,aGY
agy_1,aGy
agy_2,agy
agz_0,agZ
agz_1,agz
agz_2,aGZ
ah,ah
ahA,ahA
ahB,ahB
ahF,ahF
ahG,ahG
ahH,ahH
ahI,ahI
ahJ,ahJ
ahM,ahM
ahT,ahT
ahU,ahU
ahV,ahV
ah_0,Ah
ah_1,AH
ah_2,aH
aha_0,aHa
aha_1,aha
aha_2,aHA
ahb_0,ahb
ahb_1,aHb
ahb_2,aHB
ahc,ahc
ahc_0,aHC
ahc_1,aHc
ahc_2,ahC
ahd,ahd
ahd_0,aHd
ahd_1,aHD
ahd_2,ahD
ahe_0,ahe
ahe_1,aHE
ahe_2,ahE
ahf_0,aHf
ahf_1,ahf
ahf_2,aHF
ahg_0,aHG
ahg_1,aHg
ahg_2,ahg
ahh_0,aHH
ahh_1,ahh
ahh_2,ahh
ahi_0,aHi
ahi_1,aHI
ahi_2,ahi
ahj_0,aHj
ahj_1,ahj
ahj_2,aHJ
ahk_0,aHk
ahk_1,ahk
ahk_2,ahK
ahl_0,ahl
ahl_1,ahL
ahl_2,aHl
ahm_0,ahm
ahm_1,aHM
ahm_2,aHm
ahn,ahn
ahn_0,aHN
ahn_1,ahN
ahn_2,aHn
aho_0,aho
aho_1,aHo
aho_2,ahO
ahp_0,aHp
ahp_1,ahP
ahp_2,ahp
ahq_0,ahq
ahq_1,aHQ
ahq_2,ahQ
ahr_0,aHR
ahr_1,ahr
ahr_2,ahR
ahs_0,ahs
ahs_1,ahS
ahs_2,aHs
aht_0,aHT
aht_1,aHt
aht_2,aht
ahu_0,aHU
ahu_1,aHu
ahu_2,ahu
ahv_0,aHV
ahv_1,ahv
ahv_2,aHv
ahw_0,aHW
ahw_1,ahw
ahw_2,ahW
ahx_0,aHx
ahx_1,ahx
ahx_2,ahX
ahy_0,ahY
ahy_1,ahy
ahy_2,aHy
ahz,ahz
ahz_0,aHZ
ahz_1,aHz
ahz_2,ahZ
aiD,aiD
aiF,aiF
aiJ,aiJ
aiQ,aiQ
aiU,aiU
aiV,aiV
ai_0,Ai
ai_1,ai
ai_2,aI
aia,aia
aia_0,aiA
aia_1,aIa
aia_2,aIA
aib,aib
aib_0,aiB
aib_1,aIb
aib_2,aIB
aic_0,aIC
aic_1,aic
aic_2,aiC
aid_0,aID
aid_1,aid
aid_2,aId
aie_0,aIe
aie_1,aiE
aie_2,aie
aif_0,aif
aif_1,aIF
aif_2,aIf
aig_0,aig
aig_1,aIG
aig_2,aiG
aih,aih
aih_0,aIh
aih_1,aIH
aih_2,aiH
aii_0,aii
aii_1,aiI
aii_2,aIi
aij_0,aIj
aij_1,aIJ
aij_2,aij
aik,aik
aik_0,aiK
aik_1,aIK
aik_2,aIk
ail_0,ail
ail_1,aIl
ail_2,aiL
aim,aim
aim_0,aIm
aim_1,aiM
aim_2,aIM
ain_0,aIn
ain_1,aiN
ain_2,ain
aio_0,aiO
aio_1,aIO
aio_2,aio
aip_0,aIP
aip_1,aiP
aip_2,aip
aiq_0,aiq
aiq_1,aIQ
aiq_2,aIq
air,air
air_0,aIR
air_1,aiR
air_2,aIr
ais_0,aiS
ais_1,ais
ais_2,aIS
ait_0,ait
ait_1,aiT
ait_2,aIt
aiu_0,aiu
aiu_1,aIU
aiu_2,aIu
aiv_0,aIv
aiv_1,aIV
aiv_2,aiv
aiw,aiw
aiw_0,aIW
aiw_1,aIw
aiw_2,aiW
aix_0,aIx
aix_1,aix
aix_2,aiX
aiy_0,aiy
aiy_1,aIY
aiy_2,aiY
aiz_0,aIZ
aiz_1,aiz
aiz_2,aiZ
ajM,ajM
ajO,ajO
ajX,ajX
ajY,ajY
aj_0,Aj
aj_1,aj
aj_2,aJ
aja,aja
aja_0,aJA
aja_1,aJa
aja_2,ajA
ajb_0,ajb
ajb_1,aJb
ajb_2,ajB
ajc,ajc
ajc_0,ajC
ajc_1,aJc
ajc_2,aJC
ajd_0,ajD
ajd_1,ajd
ajd_2,aJD
aje,aje
aje_0,ajE
aje_1,aJE
aje_2,aJe
ajf_0,ajF
ajf_1,aJf
ajf_2,ajf
ajg_0,ajg
ajg_1,ajG
ajg_2,aJG
ajh_0,aJH
ajh_1,ajH
ajh_2,ajh
aji,aji
aji_0,aJi
aji_1,ajI
aji_2,aJI
ajj_0,ajj
ajj_1,ajJ
ajj_2,aJJ
ajk,ajk
ajk_0,aJk
ajk_1,ajK
ajk_2,aJK
ajl_0,aJL
ajl_1,ajL
ajl_2,ajl
ajm_0,aJM
ajm_1,aJm
ajm_2,ajm
ajn_0,ajN
ajn_1,aJN
ajn_2,ajn
ajo_0,aJo
ajo_1,ajo
ajo_2,aJO
ajp_0,ajp
ajp_1,aJP
ajp_2,ajP
ajq_0,ajQ
ajq_1,ajq
ajq_2,aJQ
ajr_0,ajr
ajr_1,aJR
ajr_2,ajR
ajs_0,aJs
ajs_1,ajS
ajs_2,ajs
ajt_0,aJT
ajt_1,ajT
ajt_2,ajt
aju,aju
aju_0,ajU
aju_1,aJu
aju_2,aJU
ajv_0,aJV
ajv_1,ajV
ajv_2,ajv
ajw,ajw
ajw_0,ajW
ajw_1,aJW
ajw_2,aJw
ajx_0,aJx
ajx_1,ajx
ajx_2,aJX
ajy_0,aJY
ajy_1,ajy
ajy_2,aJy
ajz,ajz
ajz_0,aJz
ajz_1,ajZ
ajz_2,aJZ
ak,ak
akA,akA
akB,akB
akC,akC
akE,akE
akK,akK
akQ,akQ
akR,akR
akU,akU
akV,akV
akX,akX
ak_0,AK
ak_1,Ak
ak_2,aK
aka_0,aKa
aka_1,aka
aka_2,aKA
akb_0,aKb
akb_1,akb
akb_2,aKB
akc_0,aKC
akc_1,aKc
akc_2,akc
akd_0,akd
akd_1,akD
akd_2,aKd
ake_0,aKE
ake_1,aKe
ake_2,ake
akf_0,aKF
akf_1,akf
akf_2,akF
akg_0,aKG
akg_1,akg
akg_2,akG
akh_0,akh
akh_1,aKh
akh_2,akH
aki_0,akI
aki_1,aki
aki_2,aKi
akj_0,akJ
akj_1,aKJ
akj_2,akj
akk_0,aKK
akk_1,aKk
akk_2,akk
akl,akl
akl_0,aKL
akl_1,aKl
akl_2,akL
akm,akm
akm_0,aKm
akm_1,aKM
akm_2,akM
akn,akn
akn_0,aKn
akn_1,akN
akn_2,aKN
ako,ako
ako_0,aKo
ako_1,akO
ako_2,aKO
akp_0,akp
akp_1,aKP
akp_2,akP
akq_0,aKq
akq_1,akq
akq_2,aKQ
akr_0,akr
akr_1,aKr
akr_2,aKR
aks,aks
aks_0,aKs
aks_1,aKS
aks_2,akS
akt_0,aKT
akt_1,akT
akt_2,akt
aku_0,aKu
aku_1,aku
aku_2,aKU
akv_0,aKv
akv_1,akv
akv_2,aKV
akw_0,akW
akw_1,aKw
akw_2,akw
akx_0,akx
akx_1,aKX
akx_2,aKx
aky_0,akY
aky_1,aky
aky_2,aKY
akz,akz
akz_0,aKz
akz_1,akZ
akz_2,aKZ
alQ,alQ
alW,alW
alX,alX
al_0,AL
al_1,Al
al_2,al
ala,ala
ala_0,aLA
ala_1,alA
ala_2,aLa
alb_0,alb
alb_1,aLB
alb_2,alB
alc_0,alC
alc_1,aLC
alc_2,alc
ald,ald
ald_0,aLD
ald_1,aLd
ald_2,alD
ale_0,ale
ale_1,aLe
ale_2,alE
alf_0,alF
alf_1,alf
alf_2,aLF
alg,alg
alg_0,alG
alg_1,aLG
alg_2,aLg
alh_0,alH
alh_1,alh
alh_2,aLh
ali_0,aLI
ali_1,alI
ali_2,ali
alj,alj
alj_0,aLJ
alj_1,alJ
alj_2,aLj
alk,alk
alk_0,aLk
alk_1,alK
alk_2,aLK
all_0,alL
all_1,aLL
all_2,all
alm_0,alm
alm_1,alM
alm_2,aLm
aln_0,aLn
aln_1,alN
aln_2,aln
alo_0,aLo
alo_1,alo
alo_2,alO
alp,alp
alp_0,alP
alp_1,aLp
alp_2,aLP
alq_0,aLq
alq_1,alq
alq_2,aLQ
alr_0,alR
alr_1,alr
alr_2,aLr
als_0,als
als_1,alS
als_2,aLS
alt_0,alt
alt_1,alT
alt_2,aLT
alu_0,alU
alu_1,aLU
alu_2,alu
alv,alv
alv_0,aLV
alv_1,alV
alv_2,aLv
alw_0,aLw
alw_1,alw
alw_2,aLW
alx_0,aLx
alx_1,alx
alx_2,aLX
aly_0,alY
aly_1,aly
aly_2,aLy
alz,alz
alz_0,aLZ
alz_1,alZ
alz_2,aLz
amA,amA
amE,amE
amR,amR
amT,amT
amY,amY
am_0,Am
am_1,am
am_2,aM
ama_0,aMa
ama_1,aMA
ama_2,ama
amb,amb
amb_0,amB
amb_1,aMB
amb_2,aMb
amc_0,amc
amc_1,aMc
amc_2,amC
amd,amd
amd_0,aMd
amd_1,amD
amd_2,aMD
ame_0,aME
ame_1,aMe
ame_2,ame
amf,amf
amf_0,amF
amf_1,aMf
amf_2,aMF
amg_0,amG
amg_1,amg
amg_2,aMG
amh,amh
amh_0,aMH
amh_1,aMh
amh_2,amH
ami_0,ami
ami_1,aMI
ami_2,amI
amj_0,aMJ
amj_1,amJ
amj_2,amj
amk_0,amk
amk_1,amK
amk_2,aMk
aml_0,amL
aml_1,aml
aml_2,aMl
amm_0,amm
amm_1,aMm
amm_2,amM
amn_0,amN
amn_1,amn
amn_2,aMN
amo_0,aMo
amo_1,amO
amo_2,amo
amp_0,amP
amp_1,aMp
amp_2,amp
amq,amq
amq_0,amQ
amq_1,aMQ
amq_2,aMq
amr_0,amr
amr_1,aMr
amr_2,aMR
ams,ams
ams_0,amS
ams_1,aMs
ams_2,aMS
amt_0,aMT
amt_1,aMt
amt_2,amt
amu,amu
amu_0,aMU
amu_1,aMu
amu_2,amU
amv_0,amV
amv_1,amv
amv_2,aMv
amw_0,amW
amw_1,aMw
amw_2,amw
amx_0,amx
amx_1,amX
amx_2,aMX
amy_0,aMY
amy_1,aMy
amy_2,amy
amz_0,aMz
amz_1,amZ
amz_2,amz
anM,anM
anO,anO
anR,anR
an_0,an
an_1,AN
an_2,aN
ana_0,anA
ana_1,aNA
ana_2,ana
anb_0,aNB
anb_1,anb
anb_2,anB
anc_0,anc
anc_1,aNC
anc_2,anC
and_0,anD
and_1,and
and_2,aND
ane_0,anE
ane_1,aNE
ane_2,ane
anf,anf
anf_0,aNf
anf_1,aNF
anf_2,anF
ang,ang
ang_0,aNg
ang_1,aNG
ang_2,anG
anh_0,anh
anh_1,aNh
anh_2,anH
ani_0,anI
ani_1,aNI
ani_2,ani
anj_0,aNJ
anj_1,anJ
anj_2,anj
ank_0,anK
ank_1,aNK
ank_2,ank
anl_0,anl
anl_1,anL
anl_2,aNL
anm_0,aNM
anm_1,anm
anm_2,aNm
ann,ann
ann_0,anN
ann_1,aNn
ann_2,aNN
ano_0,aNo
ano_1,aNO
ano_2,ano
anp,anp
anp_0,aNp
anp_1,anP
anp_2,aNP
anq_0,aNQ
anq_1,anQ
anq_2,anq
anr_0,aNR
anr_1,anr
anr_2,aNr
ans_0,ans
ans_1,aNs
ans_2,anS
ant_0,ant
ant_1,anT
ant_2,aNt
anu_0,anu
anu_1,anU
anu_2,aNU
anv,anv
anv_0,aNV
anv_1,anV
anv_2,aNv
anw,anw
anw_0,anW
anw_1,aNw
anw_2,aNW
anx_0,anX
anx_1,aNx
anx_2,anx
any,any
any_0,anY
any_1,aNY
any_2,aNy
anz_0,anZ
anz_1,anz
anz_2,aNz
aoM,aoM
aoN,aoN
aoU,aoU
aoY,aoY
aoZ,aoZ
ao_0,ao
ao_1,Ao
ao_2,AO
aoa_0,aoA
aoa_1,aoa
aoa_2,aOA
aob_0,aob
aob_1,aoB
aob_2,aOb
aoc,aoc
aoc_0,aoC
aoc_1,aOc
aoc_2,aOC
aod,aod
aod_0,aoD
aod_1,aOd
aod_2,aOD
aoe_0,aoe
aoe_1,aoE
aoe_2,aOe
aof_0,aof
aof_1,aOF
aof_2,aoF
aog_0,aog
aog_1,aoG
aog_2,aOg
aoh_0,aoh
aoh_1,aOh
aoh_2,aoH
aoi,aoi
aoi_0,aOi
aoi_1,aOI
aoi_2,aoI
aoj_0,aoj
aoj_1,aOj
aoj_2,aoJ
aok,aok
aok_0,aoK
aok_1,aOk
aok_2,aOK
aol_0,aol
aol_1,aoL
aol_2,aOL
aom_0,aOM
aom_1,aom
aom_2,aOm
aon_0,aOn
aon_1,aON
aon_2,aon
aoo_0,aoo
aoo_1,aOO
aoo_2,aoO
aop_0,aop
aop_1,aoP
aop_2,aOP
aoq,aoq
aoq_0,aoQ
aoq_1,aOQ
aoq_2,aOq
aor,aor
aor_0,aoR
aor_1,aOr
aor_2,aOR
aos,aos
aos_0,aoS
aos_1,aOs
aos_2,aOS
aot_0,aot
aot_1,aoT
aot_2,aOT
aou_0,aou
aou_1,aOu
aou_2,aOU
aov_0,aoV
aov_1,aOv
aov_2,aov
aow_0,aoW
aow_1,aOw
aow_2,aow
aox_0,aOX
aox_1,aox
aox_2,aoX
aoy_0,aOy
aoy_1,aoy
aoy_2,aOY
aoz_0,aoz
aoz_1,aOZ
aoz_2,aOz
apF,apF
apG,apG
apH,apH
apI,apI
apJ,apJ
apM,apM
apN,apN
apQ,apQ
apS,apS
apW,apW
apY,apY
ap_0,Ap
ap_1,ap
ap_2,aP
apa,apa
apa_0,aPa
apa_1,apA
apb_0,apB
apb_1,apb
apc,apc
apc_0,apC
apc_1,aPc
apd,apd
apd_0,aPd
apd_1,apD
ape,ape
ape_0,apE
ape_1,aPe
apf_0,apf
apf_1,aPf
apg_0,apg
apg_1,aPg
aph_0,aPh
aph_1,aph
api_0,aPi
api_1,api
apj_0,aPj
apj_1,apj
apk_0,apK
apk_1,apk
apl_0,apl
apl_1,apL
apm_0,aPm
apm_1,apm
apn_0,aPn
apn_1,apn
apo_0,apO
apo_1,apo
app_0,apP
app_1,app
apq_0,aPq
apq_1,apq
apr,apr
apr_0,aPr
apr_1,apR
aps_0,aPs
aps_1,aps
apt_0,apT
apt_1,apt
apu_0,apu
apu_1,apU
apv,apv
apv_0,apV
apv_1,aPv
apw_0,aPw
apw_1,apw
apx,apx
apx_0,apX
apy_0,apy
apz,apz
apz_0,apZ
aqA,aqA
aqD,aqD
aqF,aqF
aqG,aqG
aqH,aqH
aqI,aqI
aqK,aqK
aqN,aqN
aqP,aqP
aqQ,aqQ
aqV,aqV
aqX,aqX
aqY,aqY
aq_0,aq
aq_1,AQ
aq_2,aQ
aqa_0,aqa
aqb,aqb
aqb_0,aqB
aqc,aqc
aqc_0,aqC
aqd_0,aqd
aqe,aqe
aqe_0,aqE
aqf_0,aqf
aqg_0,aqg
aqh_0,aqh
aqi_0,aqi
aqj,aqj
aqj_0,aqJ
aqk_0,aqk
aql,aql
aql_0,aqL
aqm,aqm
aqm_0,aqM
aqn_0,aqn
aqo,aqo
aqo_0,aqO
aqp_0,aqp
aqq_0,aqq
aqr,aqr
aqr_0,aqR
aqs,aqs
aqs_0,aqS
aqt,aqt
aqt_0,aqT
aqu,aqu
aqu_0,aqU
aqv_0,aqv
aqw,aqw
aqw_0,aqW
aqx_0,aqx
aqy_0,aqy
aqz,aqz
aqz_0,aqZ
arF,arF
arG,arG
arL,arL
arM,arM
arN,arN
arQ,arQ
arS,arS
arT,arT
arU,arU
arV,arV
arX,arX
arY,arY
ar_0,Ar
ar_1,AR
ar_2,ar
ara,ara
ara_0,arA
arb,arb
arb_0,arB
arc,arc
arc_0,arC
ard,ard
ard_0,arD
are,are
are_0,arE
arf_0,arf
arg_0,arg
arh,arh
arh_0,arH
ari,ari
ari_0,arI
arj,arj
arj_0,arJ
ark,ark
ark_0,arK
arl_0,arl
arm_0,arm
arn_0,arn
aro,aro
aro_0,arO
arp,arp
arp_0,arP
arq_0,arq
arr,arr
arr_0,arR
ars_0,ars
art_0,art
aru_0,aru
arv_0,arv
arw,arw
arw_0,arW
arx_0,arx
ary_0,ary
arz,arz
arz_0,arZ
asA,asA
asB,asB
asD,asD
asE,asE
asF,asF
asH,asH
asL,asL
asM,asM
asO,asO
asP,asP
asT,asT
asV,asV
asW,asW
as_0,as
as_1,As
as_2,aS
asa_0,asa
asb_0,asb
asc,asc
asc_0,asC
asd_0,asd
ase_0,ase
asf_0,asf
asg,asg
asg_0,asG
ash_0,ash
asi,asi
asi_0,asI
asj,asj
asj_0,asJ
ask,ask
ask_0,asK
asl_0,asl
asm_0,asm
asn,asn
asn_0,asN
aso_0,aso
asp_0,asp
asq,asq
asq_0,asQ
asr,asr
asr_0,asR
ass,ass
ass_0,asS
ast_0,ast
asu,asu
asu_0,asU
asv_0,asv
asw_0,asw
asx,asx
asx_0,asX
asy,asy
asy_0,asY
asz,asz
asz_0,asZ
atA,atA
atC,atC
atD,atD
atF,atF
atG,atG
atI,atI
atJ,atJ
atK,atK
atM,atM
atP,atP
atQ,atQ
atS,atS
atW,atW
atY,atY
atZ,atZ
at_0,at
at_1,At
at_2,AT
ata_0,ata
atb,atb
atb_0,atB
atc_0,atc
atd_0,atd
ate,ate
ate_0,atE
atf_0,atf
atg_0,atg
ath,ath
ath_0,atH
ati_0,ati
atj_0,atj
atk_0,atk
atl,atl
atl_0,atL
atm_0,atm
atn,atn
atn_0,atN
ato,ato
ato_0,atO
atp_0,atp
atq_0,atq
atr,atr
atr_0,atR
ats_0,ats
att,att
att_0,atT
atu,atu
atu_0,atU
atv,atv
atv_0,atV
atw_0,atw
atx,atx
atx_0,atX
aty_0,aty
atz_0,atz
auA,auA
auC,auC
auD,auD
auE,auE
auI,auI
auJ,auJ
auL,auL
auP,auP
auQ,auQ
auT,auT
auU,auU
auV,auV
auW,auW
auY,auY
auZ,auZ
au_0,aU
au_1,au
au_2,Au
aua_0,aua
aub,aub
aub_0,auB
auc_0,auc
aud_0,aud
aue_0,aue
auf,auf
auf_0,auF
aug,aug
aug_0,auG
auh,auh
auh_0,auH
aui_0,aui
auj_0,auj
auk,auk
auk_0,auK
aul_0,aul
aum,aum
aum_0,auM
aun,aun
aun_0,auN
auo,auo
auo_0,auO
aup_0,aup
auq_0,auq
aur,aur
aur_0,auR
aus,aus
aus_0,auS
aut_0,aut
auu_0,auu
auv_0,auv
auw_0,auw
aux_,aux
aux__0,auX
auy_0,auy
auz_0,auz
avA,avA
avD,avD
avE,avE
avF,avF
avJ,avJ
avL,avL
avM,avM
avN,avN
avO,avO
avP,avP
avQ,avQ
avT,avT
avU,avU
avV,avV
avX,avX
av_0,av
av_1,aV
av_2,Av
ava_0,ava
avb,avb
avb_0,avB
avc,avc
avc_0,avC
avd_0,avd
ave_0,ave
avf_0,avf
avg,avg
avg_0,avG
avh,avh
avh_0,avH
avi,avi
avi_0,avI
avj_0,avj
avk,avk
avk_0,avK
avl_0,avl
avm_0,avm
avn_0,avn
avo_0,avo
avp_0,avp
avq_0,avq
avr,avr
avr_0,avR
avs,avs
avs_0,avS
avt_0,avt
avu_0,avu
avv_0,avv
avw,avw
avw_0,avW
avx_0,avx
avy,avy
avy_0,avY
avz,avz
avz_0,avZ
awA,awA
awC,awC
awD,awD
awG,awG
awK,awK
awL,awL
awM,awM
awO,awO
awQ,awQ
awR,awR
awS,awS
awU,awU
awX,awX
awZ,awZ
aw_0,aW
aw_1,aw
aw_2,Aw
awa_0,awa
awb,awb
awb_0,awB
awc_0,awc
awd_0,awd
awe,awe
awe_0,awE
awf,awf
awf_0,awF
awg_0,awg
awh,awh
awh_0,awH
awi,awi
awi_0,awI
awj,awj
awj_0,awJ
awk_0,awk
awl_0,awl
awm_0,awm
awn,awn
awn_0,awN
awo_0,awo
awp,awp
awp_0,awP
awq_0,awq
awr_0,awr
aws_0,aws
awt,awt
awt_0,awT
awu_0,awu
awv,awv
awv_0,awV
aww,aww
aww_0,awW
awx_0,awx
awy,awy
awy_0,awY
awz_0,awz
axA,axA
axB,axB
axC,axC
axD,axD
axG,axG
axH,axH
axJ,axJ
axL,axL
axN,axN
axP,axP
axQ,axQ
axR,axR
axS,axS
axT,axT
axV,axV
axX,axX
axZ,axZ
ax_0,aX
ax_1,ax
ax_2,AX
axa_0,axa
axb_0,axb
axc_0,axc
axd_0,axd
axe,axe
axe_0,axE
axf,axf
axf_0,axF
axg_0,axg
axh_0,axh
axi,axi
axi_0,axI
axj_0,axj
axk,axk
axk_0,axK
axl_0,axl
axm,axm
axm_0,axM
axn_0,axn
axo,axo
axo_0,axO
axp_0,axp
axq_0,axq
axr_0,axr
axs_0,axs
axt_0,axt
axu,axu
axu_0,axU
axv_0,axv
axw,axw
axw_0,axW
axx_0,axx
axy,axy
axy_0,axY
axz_0,axz
ay,ay
ayA,ayA
ayF,ayF
ayG,ayG
ayL,ayL
ayM,ayM
ayN,ayN
ayQ,ayQ
ayR,ayR
ayT,ayT
ayU,ayU
ayV,ayV
ayW,ayW
ayZ,ayZ
ay_0,aY
ay_1,AY
ay_2,Ay
aya_0,aya
ayb,ayb
ayb_0,ayB
ayc,ayc
ayc_0,ayC
ayd,ayd
ayd_0,ayD
aye,aye
aye_0,ayE
ayf_0,ayf
ayg_0,ayg
ayh,ayh
ayh_0,ayH
ayi,ayi
ayi_0,ayI
ayj,ayj
ayj_0,ayJ
ayk,ayk
ayk_0,ayK
ayl_0,ayl
aym_0,aym
ayn_0,ayn
ayo,ayo
ayo_0,ayO
ayp,ayp
ayp_0,ayP
ayq_0,ayq
ayr_0,ayr
ays,ays
ays_0,ayS
ayt_0,ayt
ayu_0,ayu
ayv_0,ayv
ayw_0,ayw
ayx,ayx
ayx_0,ayX
ayy,ayy
ayy_0,ayY
ayz_0,ayz
az,az
azB,azB
azC,azC
azG,azG
azI,azI
azL,azL
azN,azN
azP,azP
azR,azR
azS,azS
azU,azU
azV,azV
azX,azX
azZ,azZ
az_0,Az
az_1,aZ
az_2,AZ
aza,aza
aza_0,azA
azb_0,azb
azc_0,azc
azd,azd
azd_0,azD
aze,aze
aze_0,azE
azf,azf
azf_0,azF
azg_0,azg
azh,azh
azh_0,azH
azi_0,azi
azj,azj
azj_0,azJ
azk,azk
azk_0,azK
azl_0,azl
azm,azm
azm_0,azM
azn_0,azn
azo,azo
azo_0,azO
azp_0,azp
azq,azq
azq_0,azQ
azr_0,azr
azs_0,azs
azt,azt
azt_0,azT
azu_0,azu
azv_0,azv
azw,azw
azw_0,azW
azx_0,azx
azy,azy
azy_0,azY
azz_0,azz
bA,bA
bE,bE
bI,bI
bM,bM
bU,bU
bX,bX
bZ,bZ
b_0,b
ba_0,ba
ba_1,BA
ba_2,Ba
bb_0,bB
bb_1,BB
bb_2,bb
bc_0,BC
bc_1,bC
bc_2,bc
bd,bd
bd_0,Bd
bd_1,BD
bd_2,bD
be_0,BE
be_1,Be
be_2,be
bf_0,BF
bf_1,bF
bf_2,bf
bg_0,bg
bg_1,bG
bg_2,BG
bh,bh
bh_0,Bh
bh_1,bH
bh_2,BH
bi_0,Bi
bi_1,bi
bi_2,BI
bj,bj
bj_0,bJ
bj_1,Bj
bj_2,BJ
bk_0,BK
bk_1,bk
bk_2,bK
bl,bl
bl_0,bL
bl_1,Bl
bl_2,BL
bm_0,bm
bm_1,Bm
bm_2,BM
bn,bn
bn_0,BN
bn_1,Bn
bn_2,bN
bo,bo
bo_0,BO
bo_1,Bo
bo_2,bO
bp_0,Bp
bp_1,bp
bp_2,bP
bq_0,Bq
bq_1,bQ
bq_2,bq
br,br
br_0,bR
br_1,BR
br_2,Br
bs_0,BS
bs_1,bS
bs_2,bs
bt_0,Bt
bt_1,bT
bt_2,bt
bu_0,bu
bu_1,BU
bu_2,Bu
bv_0,Bv
bv_1,bv
bv_2,bV
bw,bw
bw_0,bW
bw_1,Bw
bw_2,BW
bx_0,Bx
bx_1,BX
bx_2,bx
by_0,bY
by_1,By
by_2,by
bz_0,bz
bz_1,Bz
bz_2,BZ
cA,cA
cE,cE
cF,cF
cJ,cJ
cW,cW
cX,cX
cY,cY
cZ,cZ
c_0,c
ca_0,CA
ca_1,Ca
ca_2,ca
cb,cb
cb_0,cB
cb_1,Cb
cb_2,CB
cc_0,cC
cc_1,CC
cc_2,cc
cd,cd
cd_0,CD
cd_1,Cd
cd_2,cD
ce_0,ce
ce_1,Ce
ce_2,CE
cf_0,cf
cf_1,Cf
cf_2,CF
cg_0,cG
cg_1,cg
cg_2,Cg
ch,ch
ch_0,cH
ch_1,CH
ch_2,Ch
ci_0,Ci
ci_1,cI
ci_2,ci
cj_0,CJ
cj_1,Cj
cj_2,cj
ck,ck
ck_0,cK
ck_1,CK
ck_2,Ck
cl,cl
cl_0,cL
cl_1,CL
cl_2,Cl
cm_0,CM
cm_1,cM
cm_2,cm
cn_0,Cn
cn_1,cn
cn_2,cN
co_0,CO
co_1,co
co_2,cO
cp_0,CP
cp_1,cP
cp_2,cp
cq,cq
cq_0,Cq
cq_1,CQ
cq_2,cQ
cr,cr
cr_0,CR
cr_1,cR
cr_2,Cr
cs_0,CS
cs_1,cs
cs_2,cS
ct_0,cT
ct_1,ct
ct_2,CT
cu_0,Cu
cu_1,cU
cu_2,cu
cv,cv
cv_0,cV
cv_1,Cv
cv_2,CV
cw_0,CW
cw_1,cw
cw_2,Cw
cx_0,Cx
cx_1,CX
cx_2,cx
cy_0,CY
cy_1,Cy
cy_2,cy
cz_0,cz
cz_1,Cz
cz_2,CZ
dA,dA
dE,dE
dK,dK
dN,dN
dP,dP
dT,dT
dY,dY
dZ,dZ
d_0,d
da_0,Da
da_1,da
da_2,DA
db_0,dB
db_1,db
db_2,DB
dc,dc
dc_0,Dc
dc_1,DC
dc_2,dC
dd,dd
dd_0,Dd
dd_1,dD
dd_2,DD
de_0,De
de_1,de
de_2,DE
df_0,dF
df_1,df
df_2,Df
dg_0,DG
dg_1,dG
dg_2,dg
dh,dh
dh_0,Dh
dh_1,DH
dh_2,dH
di,di
di_0,dI
di_1,Di
di_2,DI
dj_0,DJ
dj_1,dJ
dj_2,dj
dk_0,Dk
dk_1,dk
dk_2,DK
dl,dl
dl_0,dL
dl_1,DL
dl_2,Dl
dm_0,dm
dm_1,Dm
dm_2,dM
dn_0,DN
dn_1,Dn
dn_2,dn
do,do
do_0,Do
do_1,dO
do_2,DO
dp_0,DP
dp_1,dp
dp_2,Dp
dq_0,dQ
dq_1,dq
dq_2,Dq
dr_0,dR
dr_1,Dr
dr_2,dr
ds_0,ds
ds_1,dS
ds_2,Ds
dt_0,dt
dt_1,Dt
dt_2,DT
du_0,du
du_1,DU
du_2,dU
dv_0,dV
dv_1,Dv
dv_2,dv
dw_0,dW
dw_1,DW
dw_2,dw
dx,dx
dx_0,Dx
dx_1,dX
dx_2,DX
dy_0,dy
dy_1,Dy
dy_2,DY
dz_0,Dz
dz_1,dz
dz_2,DZ
eB,eB
eF,eF
eG,eG
eK,eK
eN,eN
eP,eP
eT,eT
eU,eU
eX,eX
e_0,e
ea_0,ea
ea_1,Ea
ea_2,eA
eb_0,Eb
eb_1,EB
eb_2,eb
ec,ec
ec_0,eC
ec_1,Ec
ec_2,EC
ed_0,ED
ed_1,ed
ed_2,eD
ee,ee
ee_0,Ee
ee_1,eE
ee_2,EE
ef_0,EF
ef_1,Ef
ef_2,ef
eg_0,eg
eg_1,EG
eg_2,Eg
eh_0,EH
eh_1,eH
eh_2,eh
ei_0,eI
ei_1,EI
ei_2,ei
ej_0,eJ
ej_1,EJ
ej_2,ej
ek_0,ek
ek_1,Ek
ek_2,EK
el,el
el_0,El
el_1,eL
el_2,EL
em_0,em
em_1,Em
em_2,eM
en_0,EN
en_1,en
en_2,En
eo_0,Eo
eo_1,eO
eo_2,eo
ep_0,ep
ep_1,EP
ep_2,Ep
eq_0,eq
eq_1,EQ
eq_2,eQ
er_0,Er
er_1,er
er_2,eR
es_0,es
es_1,eS
es_2,ES
et_0,et
et_1,ET
et_2,Et
eu_0,eu
eu_1,Eu
eu_2,EU
ev_0,eV
ev_1,ev
ev_2,Ev
ew_0,ew
ew_1,EW
ew_2,eW
ex_0,EX
ex_1,ex
ex_2,Ex
ey_0,eY
ey_1,Ey
ey_2,ey
ez,ez
ez_0,eZ
ez_1,EZ
ez_2,Ez
fF,fF
fR,fR
fS,fS
fY,fY
fZ,fZ
f_0,f
fa_0,fA
fa_1,fa
fa_2,FA
fb,fb
fb_0,Fb
fb_1,FB
fb_2,fB
fc_0,fC
fc_1,FC
fc_2,fc
fd_0,FD
fd_1,fd
fd_2,fD
fe,fe
fe_0,Fe
fe_1,FE
fe_2,fE
ff_0,ff
ff_1,Ff
ff_2,FF
fg,fg
fg_0,FG
fg_1,Fg
fg_2,fG
fh_0,FH
fh_1,fH
fh_2,fh
fi,fi
fi_0,fI
fi_1,Fi
fi_2,FI
fj,fj
fj_0,FJ
fj_1,fJ
fj_2,Fj
fk,fk
fk_0,fK
fk_1,FK
fk_2,Fk
fl,fl
fl_0,Fl
fl_1,FL
fl_2,fL
fm_0,FM
fm_1,fM
fm_2,fm
fn_0,fn
fn_1,fN
fn_2,FN
fo_0,fO
fo_1,fo
fo_2,Fo
fp,fp
fp_0,FP
fp_1,fP
fp_2,Fp
fq_0,FQ
fq_1,fq
fq_2,fQ
fr_0,fr
fr_1,Fr
fr_2,FR
fs_0,FS
fs_1,fs
fs_2,Fs
ft,ft
ft_0,FT
ft_1,fT
ft_2,Ft
fu_0,fU
fu_1,FU
fu_2,fu
fv,fv
fv_0,fV
fv_1,FV
fv_2,Fv
fw_0,FW
fw_1,fW
fw_2,fw
fx_0,fX
fx_1,Fx
fx_2,fx
fy_0,FY
fy_1,fy
fy_2,Fy
fz_0,fz
fz_1,Fz
fz_2,FZ
gC,gC
gH,gH
gJ,gJ
gM,gM
gW,gW
g_0,g
ga_0,ga
ga_1,gA
ga_2,GA
gb_0,gb
gb_1,GB
gb_2,gB
gc_0,Gc
gc_1,GC
gc_2,gc
gd_0,gD
gd_1,gd
gd_2,Gd
ge_0,ge
ge_1,gE
ge_2,Ge
gf_0,gf
gf_1,GF
gf_2,gF
gg,gg
gg_0,gG
gg_1,Gg
gg_2,GG
gh_0,Gh
gh_1,GH
gh_2,gh
gi,gi
gi_0,gI
gi_1,Gi
gi_2,GI
gj_0,GJ
gj_1,gj
gj_2,Gj
gk_0,gk
gk_1,GK
gk_2,gK
gl,gl
gl_0,Gl
gl_1,GL
gl_2,gL
gm_0,GM
gm_1,Gm
gm_2,gm
gn_0,Gn
gn_1,gN
gn_2,gn
go,go
go_0,Go
go_1,GO
go_2,gO
gp_0,gP
gp_1,gp
gp_2,GP
gq,gq
gq_0,gQ
gq_1,Gq
gq_2,GQ
gr_0,gr
gr_1,GR
gr_2,gR
gs_0,GS
gs_1,gs
gs_2,gS
gt_0,Gt
gt_1,gt
gt_2,gT
gu,gu
gu_0,Gu
gu_1,GU
gu_2,gU
gv_0,Gv
gv_1,gV
gv_2,gv
gw_0,GW
gw_1,Gw
gw_2,gw
gx_0,gx
gx_1,GX
gx_2,gX
gy_0,Gy
gy_1,gy
gy_2,gY
gz_0,gZ
gz_1,Gz
gz_2,gz
h,h
hD,hD
hE,hE
hK,hK
hN,hN
hO,hO
hR,hR
hY,hY
h_0,H
ha_0,hA
ha_1,Ha
ha_2,ha
hb_0,hB
hb_1,hb
hb_2,Hb
hc_0,Hc
hc_1,hc
hc_2,hC
hd_0,Hd
hd_1,HD
hd_2,hd
he_0,HE
he_1,He
he_2,he
hf_0,hf
hf_1,HF
hf_2,hF
hg,hg
hg_0,Hg
hg_1,HG
hg_2,hG
hh_0,hH
hh_1,HH
hh_2,hh
hi,hi
hi_0,Hi
hi_1,hI
hi_2,HI
hj_0,Hj
hj_1,hj
hj_2,hJ
hk_0,HK
hk_1,Hk
hk_2,hk
hl_0,hL
hl_1,hl
hl_2,Hl
hm,hm
hm_0,hM
hm_1,HM
hm_2,Hm
hn_0,Hn
hn_1,hn
hn_2,HN
ho_0,ho
ho_1,HO
ho_2,Ho
hp_0,hP
hp_1,hp
hp_2,Hp
hq_0,Hq
hq_1,hq
hq_2,hQ
hr_0,Hr
hr_1,HR
hr_2,hr
hs_0,HS
hs_1,hS
hs_2,hs
ht_0,HT
ht_1,hT
ht_2,ht
hu_0,hu
hu_1,HU
hu_2,hU
hv_0,hv
hv_1,Hv
hv_2,hV
hw_0,Hw
hw_1,hw
hw_2,hW
hx,hx
hx_0,HX
hx_1,Hx
hx_2,hX
hy_0,Hy
hy_1,HY
hy_2,hy
hz,hz
hz_0,Hz
hz_1,hZ
hz_2,HZ
i,i
iN,iN
iT,iT
i_0,I
ia_0,iA
ia_1,Ia
ia_2,ia
ib_0,IB
ib_1,ib
ib_2,iB
ic,ic
ic_0,IC
ic_1,Ic
ic_2,iC
id,id
id_0,ID
id_1,iD
id_2,Id
ie,ie
ie_0,IE
ie_1,iE
ie_2,Ie
if_0,if
if_1,IF
if_2,iF
ig,ig
ig_0,IG
ig_1,Ig
ig_2,iG
ih_0,Ih
ih_1,iH
ih_2,ih
ii_0,ii
ii_1,iI
ii_2,II
ij,ij
ij_0,Ij
ij_1,IJ
ij_2,iJ
ik_0,iK
ik_1,ik
ik_2,IK
il_0,Il
il_1,iL
il_2,il
im_0,IM
im_1,im
im_2,iM
in_0,In
in_1,in
in_2,IN
io_0,io
io_1,IO
io_2,iO
ip_0,iP
ip_1,ip
ip_2,Ip
iq,iq
iq_0,Iq
iq_1,IQ
iq_2,iQ
ir_0,ir
ir_1,IR
ir_2,iR
is_0,iS
is_1,is
is_2,Is
it_0,IT
it_1,it
it_2,It
iu_0,Iu
iu_1,iU
iu_2,iu
iv_0,Iv
iv_1,iV
iv_2,iv
iw_0,iW
iw_1,iw
iw_2,IW
ix_0,ix
ix_1,iX
ix_2,IX
iy_0,iy
iy_1,IY
iy_2,iY
iz,iz
iz_0,Iz
iz_1,IZ
iz_2,iZ
jA,jA
jB,jB
jD,jD
jF,jF
jH,jH
jI,jI
jJ,jJ
jL,jL
jN,jN
jP,jP
jR,jR
jS,jS
jT,jT
jW,jW
j_0,j
ja_0,Ja
ja_1,JA
ja_2,ja
jb_0,JB
jb_1,jb
jb_2,Jb
jc_0,JC
jc_1,jc
jc_2,jC
jd_0,Jd
jd_1,JD
jd_2,jd
je_0,je
je_1,JE
je_2,jE
jf_0,Jf
jf_1,JF
jf_2,jf
jg_0,jG
jg_1,Jg
jg_2,jg
jh_0,JH
jh_1,Jh
jh_2,jh
ji_0,Ji
ji_1,JI
ji_2,ji
jj_0,JJ
jj_1,jj
jj_2,Jj
jk_0,JK
jk_1,jk
jk_2,jK
jl_0,Jl
jl_1,JL
jl_2,jl
jm,jm
jm_0,jM
jm_1,JM
jm_2,Jm
jn_0,JN
jn_1,Jn
jn_2,jn
jo_0,Jo
jo_1,jo
jo_2,jO
jp_0,jp
jp_1,JP
jp_2,Jp
jq,jq
jq_0,JQ
jq_1,jQ
jq_2,Jq
jr_0,Jr
jr_1,JR
jr_2,jr
js_0,Js
js_1,js
js_2,JS
jt_0,jt
jt_1,Jt
jt_2,JT
ju_0,JU
ju_1,ju
ju_2,jU
jv,jv
jv_0,JV
jv_1,Jv
jv_2,jV
jw_0,Jw
jw_1,JW
jw_2,jw
jx_0,Jx
jx_1,jX
jx_2,jx
jy_0,Jy
jy_1,jy
jy_2,jY
jz,jz
jz_0,JZ
jz_1,Jz
jz_2,jZ
k,k
kB,kB
kC,kC
kD,kD
kG,kG
kH,kH
kJ,kJ
kM,kM
kS,kS
kV,kV
kZ,kZ
k_0,K
ka,ka
ka_0,Ka
ka_1,kA
ka_2,KA
kb_0,Kb
kb_1,KB
kb_2,kb
kc_0,KC
kc_1,kc
kc_2,Kc
kd_0,KD
kd_1,Kd
kd_2,kd
ke,ke
ke_0,kE
ke_1,KE
ke_2,Ke
kf_0,kF
kf_1,KF
kf_2,kf
kg_0,Kg
kg_1,KG
kg_2,kg
kh_0,kh
kh_1,Kh
kh_2,KH
ki_0,Ki
ki_1,kI
ki_2,ki
kj_0,KJ
kj_1,Kj
kj_2,kj
kk_0,kK
kk_1,kk
kk_2,Kk
kl_0,kl
kl_1,Kl
kl_2,kL
km_0,km
km_1,KM
km_2,Km
kn_0,kn
kn_1,Kn
kn_2,kN
ko_0,kO
ko_1,ko
ko_2,KO
kp,kp
kp_0,KP
kp_1,kP
kp_2,Kp
kq,kq
kq_0,KQ
kq_1,kQ
kq_2,Kq
kr_0,kr
kr_1,kR
kr_2,Kr
ks_0,ks
ks_1,Ks
ks_2,KS
kt_0,KT
kt_1,kt
kt_2,kT
ku_0,Ku
ku_1,kU
ku_2,ku
kv_0,KV
kv_1,kv
kv_2,Kv
kw_0,kW
kw_1,kw
kw_2,Kw
kx_0,Kx
kx_1,kX
kx_2,kx
ky_0,KY
ky_1,ky
ky_2,kY
kz_0,KZ
kz_1,Kz
kz_2,kz
l,l
lC,lC
lG,lG
lH,lH
lI,lI
lJ,lJ
lN,lN
lP,lP
l_0,L
la_0,LA
la_1,lA
la_2,la
lb_0,lb
lb_1,lB
lb_2,LB
lc_0,LC
lc_1,lc
lc_2,Lc
ld_0,lD
ld_1,ld
ld_2,Ld
le_0,le
le_1,lE
le_2,LE
lf,lf
lf_0,lF
lf_1,Lf
lf_2,LF
lg_0,lg
lg_1,Lg
lg_2,LG
lh_0,lh
lh_1,LH
lh_2,Lh
li_0,Li
li_1,LI
li_2,li
lj_0,LJ
lj_1,lj
lj_2,Lj
lk,lk
lk_0,Lk
lk_1,LK
lk_2,lK
ll_0,LL
ll_1,lL
ll_2,ll
lm_0,Lm
lm_1,lM
lm_2,lm
ln_0,Ln
ln_1,ln
ln_2,LN
lo,lo
lo_0,Lo
lo_1,lO
lo_2,LO
lp_0,lp
lp_1,LP
lp_2,Lp
lq,lq
lq_0,lQ
lq_1,LQ
lq_2,Lq
lr_0,LR
lr_1,lr
lr_2,lR
ls_0,lS
ls_1,ls
ls_2,Ls
lt,lt
lt_0,lT
lt_1,LT
lt_2,Lt
lu,lu
lu_0,LU
lu_1,lU
lu_2,Lu
lv,lv
lv_0,LV
lv_1,Lv
lv_2,lV
lw_0,lW
lw_1,lw
lw_2,LW
lx_0,lX
lx_1,lx
lx_2,Lx
ly_0,lY
ly_1,ly
ly_2,LY
lz_0,LZ
lz_1,lz
lz_2,lZ
mD,mD
mE,mE
mH,mH
mI,mI
mL,mL
mQ,mQ
mT,mT
mX,mX
m_0,m
ma_0,MA
ma_1,ma
ma_2,mA
mb_0,Mb
mb_1,mb
mb_2,mB
mc_0,Mc
mc_1,mc
mc_2,mC
md_0,Md
md_1,md
md_2,MD
me_0,Me
me_1,ME
me_2,me
mf_0,mF
mf_1,MF
mf_2,mf
mg_0,mG
mg_1,mg
mg_2,MG
mh_0,Mh
mh_1,mh
mh_2,MH
mi_0,Mi
mi_1,mi
mi_2,MI
mj_0,Mj
mj_1,mJ
mj_2,mj
mk,mk
mk_0,Mk
mk_1,MK
mk_2,mK
ml_0,ML
ml_1,Ml
ml_2,ml
mm_0,mM
mm_1,Mm
mm_2,mm
mn_0,mN
mn_1,Mn
mn_2,mn
mo_0,mO
mo_1,mo
mo_2,Mo
mp_0,mP
mp_1,Mp
mp_2,mp
mq_0,Mq
mq_1,mq
mq_2,MQ
mr_0,mr
mr_1,mR
mr_2,Mr
ms_0,mS
ms_1,MS
ms_2,ms
mt_0,Mt
mt_1,MT
mt_2,mt
mu,mu
mu_0,Mu
mu_1,mU
mu_2,MU
mv,mv
mv_0,mV
mv_1,MV
mv_2,Mv
mw,mw
mw_0,Mw
mw_1,MW
mw_2,mW
mx_0,mx
mx_1,MX
mx_2,Mx
my_0,My
my_1,my
my_2,mY
mz_0,mZ
mz_1,mz
mz_2,MZ
n,n
nB,nB
nF,nF
nI,nI
nP,nP
nS,nS
nU,nU
nW,nW
nX,nX
n_0,N
na,na
na_0,nA
na_1,Na
na_2,NA
nb_0,NB
nb_1,Nb
nb_2,nb
nc_0,nC
nc_1,Nc
nc_2,nc
nd_0,Nd
nd_1,nd
nd_2,nD
ne_0,ne
ne_1,nE
ne_2,Ne
nf_0,NF
nf_1,Nf
nf_2,nf
ng_0,ng
ng_1,nG
ng_2,Ng
nh_0,NH
nh_1,nH
nh_2,nh
ni_0,ni
ni_1,Ni
ni_2,NI
nj,nj
nj_0,Nj
nj_1,nJ
nj_2,NJ
nk,nk
nk_0,Nk
nk_1,NK
nk_2,nK
nl_0,NL
nl_1,nL
nl_2,nl
nm_0,nm
nm_1,Nm
nm_2,nM
nn_0,nn
nn_1,Nn
nn_2,nN
no,no
no_0,No
no_1,nO
no_2,NO
np_0,NP
np_1,np
np_2,Np
nq,nq
nq_0,nQ
nq_1,NQ
nq_2,Nq
nr_0,nR
nr_1,NR
nr_2,nr
ns_0,ns
ns_1,Ns
ns_2,NS
nt,nt
nt_0,nT
nt_1,Nt
nt_2,NT
nu_0,Nu
nu_1,NU
nu_2,nu
nv,nv
nv_0,nV
nv_1,Nv
nv_2,NV
nw_0,NW
nw_1,nw
nw_2,Nw
nx_0,NX
nx_1,Nx
nx_2,nx
ny_0,Ny
ny_1,ny
ny_2,nY
nz,nz
nz_0,nZ
nz_1,Nz
nz_2,NZ
o,o
oF,oF
oP,oP
oV,oV
oY,oY
o_0,O
oa_0,oA
oa_1,OA
oa_2,oa
ob_0,ob
ob_1,Ob
ob_2,oB
oc_0,OC
oc_1,oc
oc_2,oC
od_0,od
od_1,oD
od_2,Od
oe_0,Oe
oe_1,oe
oe_2,oE
of_0,Of
of_1,of
of_2,OF
og,og
og_0,oG
og_1,OG
og_2,Og
oh_0,oH
oh_1,Oh
oh_2,oh
oi_0,Oi
oi_1,oI
oi_2,oi
oj_0,oj
oj_1,oJ
oj_2,Oj
ok_0,oK
ok_1,Ok
ok_2,ok
ol_0,oL
ol_1,ol
ol_2,Ol
om_0,oM
om_1,om
om_2,OM
on_0,oN
on_1,ON
on_2,on
oo_0,oO
oo_1,oo
oo_2,OO
op_0,Op
op_1,op
op_2,OP
oq,oq
oq_0,Oq
oq_1,oQ
oq_2,OQ
or_0,or
or_1,OR
or_2,oR
os_0,Os
os_1,oS
os_2,os
ot,ot
ot_0,oT
ot_1,Ot
ot_2,OT
ou_0,oU
ou_1,OU
ou_2,ou
ov_0,OV
ov_1,Ov
ov_2,ov
ow_0,Ow
ow_1,oW
ow_2,ow
ox,ox
ox_0,Ox
ox_1,OX
ox_2,oX
oy_0,OY
oy_1,Oy
oy_2,oy
oz_0,Oz
oz_1,oz
oz_2,oZ
pD,pD
pE,pE
pL,pL
pN,pN
pP,pP
pX,pX
p_0,p
pa_0,Pa
pa_1,pa
pa_2,pA
pb_0,pB
pb_1,Pb
pb_2,pb
pc,pc
pc_0,Pc
pc_1,pC
pc_2,PC
pd_0,PD
pd_1,pd
pd_2,Pd
pe_0,Pe
pe_1,pe
pe_2,PE
pf_0,PF
pf_1,pF
pf_2,pf
pg_0,pg
pg_1,PG
pg_2,pG
ph_0,pH
ph_1,ph
ph_2,Ph
pi_0,PI
pi_1,pI
pi_2,pi
pj_0,pj
pj_1,pJ
pj_2,Pj
pk,pk
pk_0,PK
pk_1,Pk
pk_2,pK
pl_0,pl
pl_1,Pl
pl_2,PL
pm_0,pM
pm_1,pm
pm_2,PM
pn_0,Pn
pn_1,pn
pn_2,PN
po_0,Po
po_1,po
po_2,pO
pp_0,pp
pp_1,Pp
pp_2,PP
pq_0,pQ
pq_1,PQ
pq_2,pq
pr_0,pR
pr_1,pr
pr_2,PR
ps,ps
ps_0,pS
ps_1,PS
ps_2,Ps
pt_0,pt
pt_1,pT
pt_2,Pt
pu_0,pu
pu_1,pU
pu_2,Pu
pv_0,pv
pv_1,pV
pv_2,Pv
pw,pw
pw_0,Pw
pw_1,PW
pw_2,pW
px_0,Px
px_1,PX
px_2,px
py_0,pY
py_1,py
py_2,Py
pz_0,pZ
pz_1,Pz
pz_2,pz
q,q
qJ,qJ
qO,qO
qP,qP
qS,qS
qT,qT
q_0,Q
qa_0,qA
qa_1,qa
qa_2,QA
qb_0,qb
qb_1,Qb
qb_2,qB
qc_0,Qc
qc_1,qC
qc_2,qc
qd_0,qD
qd_1,qd
qd_2,Qd
qe,qe
qe_0,QE
qe_1,Qe
qe_2,qE
qf_0,Qf
qf_1,qf
qf_2,qF
qg_0,qG
qg_1,qg
qg_2,Qg
qh,qh
qh_0,qH
qh_1,QH
qh_2,Qh
qi_0,qi
qi_1,qI
qi_2,Qi
qj_0,qj
qj_1,QJ
qj_2,Qj
qk,qk
qk_0,Qk
qk_1,QK
qk_2,qK
ql,ql
ql_0,QL
ql_1,Ql
ql_2,qL
qm,qm
qm_0,QM
qm_1,Qm
qm_2,qM
qn_0,Qn
qn_1,qN
qn_2,qn
qo_0,qo
qo_1,QO
qo_2,Qo
qp_0,QP
qp_1,Qp
qp_2,qp
qq,qq
qq_0,qQ
qq_1,Qq
qq_2,QQ
qr,qr
qr_0,Qr
qr_1,QR
qr_2,qR
qs_0,QS
qs_1,Qs
qs_2,qs
qt_0,QT
qt_1,qt
qt_2,Qt
qu,qu
qu_0,qU
qu_1,Qu
qu_2,QU
qv,qv
qv_0,qV
qv_1,Qv
qv_2,QV
qw,qw
qw_0,QW
qw_1,qW
qw_2,Qw
qx,qx
qx_0,qX
qx_1,Qx
qx_2,QX
qy,qy
qy_0,qY
qy_1,Qy
qy_2,QY
qz_0,Qz
qz_1,qz
qz_2,qZ
rA,rA
rC,rC
rG,rG
rH,rH
rI,rI
rK,rK
rL,rL
rM,rM
rN,rN
rS,rS
rV,rV
rW,rW
r_0,r
ra_0,Ra
ra_1,RA
ra_2,ra
rb,rb
rb_0,Rb
rb_1,rB
rb_2,RB
rc_0,Rc
rc_1,rc
rc_2,RC
rd,rd
rd_0,Rd
rd_1,rD
rd_2,RD
re_0,re
re_1,Re
re_2,rE
rf,rf
rf_0,RF
rf_1,Rf
rf_2,rF
rg_0,RG
rg_1,rg
rg_2,Rg
rh_0,rh
rh_1,RH
rh_2,Rh
ri_0,ri
ri_1,RI
ri_2,Ri
rj,rj
rj_0,RJ
rj_1,rJ
rj_2,Rj
rk_0,RK
rk_1,rk
rk_2,Rk
rl_0,RL
rl_1,Rl
rl_2,rl
rm_0,rm
rm_1,Rm
rm_2,RM
rn_0,Rn
rn_1,rn
rn_2,RN
ro_0,Ro
ro_1,rO
ro_2,ro
rp_0,Rp
rp_1,rP
rp_2,rp
rq_0,rq
rq_1,rQ
rq_2,RQ
rr_0,rr
rr_1,RR
rr_2,rR
rs_0,Rs
rs_1,RS
rs_2,rs
rt,rt
rt_0,RT
rt_1,rT
rt_2,Rt
ru_0,ru
ru_1,Ru
ru_2,rU
rv_0,RV
rv_1,Rv
rv_2,rv
rw_0,RW
rw_1,Rw
rw_2,rw
rx_0,rX
rx_1,RX
rx_2,rx
ry,ry
ry_0,Ry
ry_1,rY
ry_2,RY
rz,rz
rz_0,RZ
rz_1,Rz
rz_2,rZ
sA,sA
sB,sB
sH,sH
sL,sL
sP,sP
sU,sU
sV,sV
sY,sY
s_0,s
sa_0,SA
sa_1,sa
sa_2,Sa
sb_0,SB
sb_1,sb
sb_2,Sb
sc,sc
sc_0,SC
sc_1,Sc
sc_2,sC
sd,sd
sd_0,SD
sd_1,Sd
sd_2,sD
se_0,se
se_1,SE
se_2,sE
sf_0,sF
sf_1,sf
sf_2,Sf
sg_0,sG
sg_1,sg
sg_2,SG
sh_0,SH
sh_1,sh
sh_2,Sh
si,si
si_0,sI
si_1,SI
si_2,Si
sj_0,sj
sj_1,sJ
sj_2,Sj
sk_0,sk
sk_1,Sk
sk_2,sK
sl_0,SL
sl_1,sl
sl_2,Sl
sm_0,sm
sm_1,sM
sm_2,SM
sn,sn
sn_0,sN
sn_1,SN
sn_2,Sn
so_0,So
so_1,sO
so_2,so
sp_0,SP
sp_1,Sp
sp_2,sp
sq_0,sq
sq_1,Sq
sq_2,sQ
sr,sr
sr_0,sR
sr_1,Sr
sr_2,SR
ss_0,sS
ss_1,ss
ss_2,SS
st_0,sT
st_1,st
st_2,St
su_0,SU
su_1,Su
su_2,su
sv_0,SV
sv_1,Sv
sv_2,sv
sw,sw
sw_0,Sw
sw_1,SW
sw_2,sW
sx,sx
sx_0,Sx
sx_1,SX
sx_2,sX
sy_0,sy
sy_1,Sy
sy_2,SY
sz_0,sZ
sz_1,SZ
sz_2,sz
tA,tA
tD,tD
tF,tF
tH,tH
tI,tI
tL,tL
tO,tO
tQ,tQ
tU,tU
t_0,t
ta_0,TA
ta_1,Ta
ta_2,ta
tb_0,tb
tb_1,Tb
tb_2,tB
tc_0,TC
tc_1,tC
tc_2,tc
td_0,Td
td_1,TD
td_2,td
te_0,te
te_1,TE
te_2,tE
tf_0,TF
tf_1,tf
tf_2,Tf
tg_0,tg
tg_1,tG
tg_2,TG
th_0,th
th_1,Th
th_2,TH
ti_0,ti
ti_1,Ti
ti_2,TI
tj_0,tJ
tj_1,tj
tj_2,Tj
tk_0,Tk
tk_1,tK
tk_2,tk
tl_0,TL
tl_1,tl
tl_2,Tl
tm_0,tm
tm_1,tM
tm_2,TM
tn_0,Tn
tn_1,tn
tn_2,tN
to_0,to
to_1,To
to_2,TO
tp_0,tP
tp_1,tp
tp_2,Tp
tq_0,tq
tq_1,TQ
tq_2,Tq
tr,tr
tr_0,Tr
tr_1,TR
tr_2,tR
ts_0,tS
ts_1,ts
ts_2,TS
tt,tt
tt_0,Tt
tt_1,tT
tt_2,TT
tu_0,TU
tu_1,tu
tu_2,Tu
tv_0,tV
tv_1,tv
tv_2,Tv
tw_0,TW
tw_1,tw
tw_2,tW
tx_0,TX
tx_1,tx
tx_2,tX
ty_0,tY
ty_1,TY
ty_2,ty
tz,tz
tz_0,TZ
tz_1,tZ
tz_2,Tz
uB,uB
uM,uM
uQ,uQ
uW,uW
u_0,u
ua,ua
ua_0,UA
ua_1,Ua
ua_2,uA
ub_0,UB
ub_1,ub
ub_2,Ub
uc_0,uc
uc_1,Uc
uc_2,uC
ud_0,uD
ud_1,ud
ud_2,Ud
ue_0,ue
ue_1,uE
ue_2,UE
uf_0,uF
uf_1,Uf
uf_2,uf
ug,ug
ug_0,Ug
ug_1,uG
ug_2,UG
uh_0,uh
uh_1,Uh
uh_2,uH
ui_0,Ui
ui_1,ui
ui_2,uI
uj_0,UJ
uj_1,uj
uj_2,uJ
uk_0,uk
uk_1,uK
uk_2,UK
ul_0,ul
ul_1,uL
ul_2,UL
um_0,UM
um_1,um
um_2,Um
un,un
un_0,UN
un_1,uN
un_2,Un
uo_0,uO
uo_1,UO
uo_2,uo
up,up
up_0,uP
up_1,UP
up_2,Up
uq_0,Uq
uq_1,UQ
uq_2,uq
ur_0,UR
ur_1,uR
ur_2,ur
us,us
us_0,uS
us_1,US
us_2,Us
ut,ut
ut_0,Ut
ut_1,UT
ut_2,uT
uu,uu
uu_0,UU
uu_1,Uu
uu_2,uU
uv_0,uv
uv_1,Uv
uv_2,uV
uw_0,uw
uw_1,Uw
uw_2,UW
ux_0,Ux
ux_1,ux
ux_2,ux
uy_0,UY
uy_1,uy
uy_2,uY
uz_0,uZ
uz_1,UZ
uz_2,uz
vA,vA
vD,vD
vF,vF
vL,vL
vO,vO
vP,vP
vQ,vQ
vR,vR
vS,vS
vT,vT
vU,vU
vY,vY
v_0,v
va_0,va
va_1,Va
va_2,VA
vb_0,vb
vb_1,VB
vb_2,vB
vc,vc
vc_0,Vc
vc_1,VC
vc_2,vC
vd_0,VD
vd_1,Vd
vd_2,vd
ve_0,ve
ve_1,vE
ve_2,VE
vf_0,vf
vf_1,Vf
vf_2,VF
vg,vg
vg_0,VG
vg_1,Vg
vg_2,vG
vh,vh
vh_0,vH
vh_1,VH
vh_2,Vh
vi,vi
vi_0,Vi
vi_1,VI
vi_2,vI
vj_0,vj
vj_1,vJ
vj_2,Vj
vk_0,Vk
vk_1,vK
vk_2,vk
vl_0,vl
vl_1,Vl
vl_2,VL
vm_0,VM
vm_1,vm
vm_2,vM
vn,vn
vn_0,VN
vn_1,Vn
vn_2,vN
vo_0,vo
vo_1,Vo
vo_2,VO
vp_0,Vp
vp_1,VP
vp_2,vp
vq_0,VQ
vq_1,vq
vq_2,Vq
vr_0,VR
vr_1,vr
vr_2,Vr
vs_0,Vs
vs_1,VS
vs_2,vs
vt_0,VT
vt_1,vt
vt_2,Vt
vu_0,VU
vu_1,Vu
vu_2,vu
vv,vv
vv_0,Vv
vv_1,vV
vv_2,VV
vw_0,VW
vw_1,vW
vw_2,vw
vx,vx
vx_0,vX
vx_1,VX
vx_2,Vx
vy_0,vy
vy_1,VY
vy_2,Vy
vz_0,vZ
vz_1,VZ
vz_2,vz
wA,wA
wC,wC
wS,wS
wW,wW
wX,wX
w_0,w
wa_0,Wa
wa_1,WA
wa_2,wa
wb_0,WB
wb_1,wB
wb_2,wb
wc_0,Wc
wc_1,wc
wc_2,WC
wd_0,WD
wd_1,wD
wd_2,wd
we_0,We
we_1,wE
we_2,we
wf_0,Wf
wf_1,wf
wf_2,wF
wg_0,wG
wg_1,Wg
wg_2,wg
wh_0,WH
wh_1,wh
wh_2,wH
wi_0,wi
wi_1,wI
wi_2,WI
wj,wj
wj_0,Wj
wj_1,WJ
wj_2,wJ
wk_0,wk
wk_1,wK
wk_2,Wk
wl_0,Wl
wl_1,wL
wl_2,wl
wm_0,wm
wm_1,wM
wm_2,WM
wn_0,wn
wn_1,Wn
wn_2,wN
wo_0,Wo
wo_1,wO
wo_2,wo
wp_0,wp
wp_1,Wp
wp_2,wP
wq_0,wq
wq_1,wQ
wq_2,WQ
wr_0,wr
wr_1,Wr
wr_2,wR
ws_0,WS
ws_1,Ws
ws_2,ws
wt_0,wT
wt_1,wt
wt_2,WT
wu_0,Wu
wu_1,wu
wu_2,wU
wv_0,wv
wv_1,wV
wv_2,WV
ww_0,Ww
ww_1,WW
ww_2,ww
wx_0,Wx
wx_1,WX
wx_2,wx
wy_0,wY
wy_1,Wy
wy_2,wy
wz_0,WZ
wz_1,wz
wz_2,wZ
x,x
xL,xL
xM,xM
xN,xN
xO,xO
xR,xR
xS,xS
xX,xX
x_0,X
xa,xa
xa_0,xA
xa_1,XA
xa_2,Xa
xb,xb
xb_0,XB
xb_1,xB
xb_2,Xb
xc_0,Xc
xc_1,xC
xc_2,xc
xd_0,Xd
xd_1,xD
xd_2,xd
xe_0,xe
xe_1,xE
xe_2,XE
xf,xf
xf_0,xF
xf_1,XF
xf_2,Xf
xg_0,xg
xg_1,xG
xg_2,XG
xh_0,XH
xh_1,xh
xh_2,xH
xi_0,XI
xi_1,xI
xi_2,xi
xj,xj
xj_0,XJ
xj_1,Xj
xj_2,xJ
xk_0,xK
xk_1,xk
xk_2,XK
xl_0,xl
xl_1,Xl
xl_2,XL
xm_0,xm
xm_1,XM
xm_2,Xm
xn_0,xn
xn_1,XN
xn_2,Xn
xo_0,XO
xo_1,Xo
xo_2,xo
xp_0,xp
xp_1,xP
xp_2,Xp
xq,xq
xq_0,XQ
xq_1,xQ
xq_2,Xq
xr_0,xr
xr_1,XR
xr_2,Xr
xs_0,xs
xs_1,Xs
xs_2,XS
xt,xt
xt_0,XT
xt_1,Xt
xt_2,xT
xu_0,xU
xu_1,xu
xu_2,XU
xv_0,xv
xv_1,Xv
xv_2,xV
xw_0,Xw
xw_1,xW
xw_2,xw
xx_0,XX
xx_1,xx
xx_2,Xx
xy,xy
xy_0,Xy
xy_1,XY
xy_2,xY
xz_0,XZ
xz_1,xz
xz_2,xZ
y,y
yC,yC
yE,yE
yF,yF
yJ,yJ
yM,yM
yV,yV
yW,yW
yX,yX
yZ,yZ
y_0,Y
ya_0,ya
ya_1,yA
ya_2,Ya
yb,yb
yb_0,yB
yb_1,YB
yb_2,Yb
yc_0,Yc
yc_1,YC
yc_2,yc
yd,yd
yd_0,YD
yd_1,Yd
yd_2,yD
ye_0,Ye
ye_1,ye
ye_2,YE
yf_0,yf
yf_1,YF
yf_2,Yf
yg,yg
yg_0,Yg
yg_1,yG
yg_2,YG
yh,yh
yh_0,yH
yh_1,YH
yh_2,Yh
yi_0,yi
yi_1,Yi
yi_2,yI
yj_0,Yj
yj_1,YJ
yj_2,yj
yk_0,yK
yk_1,YK
yk_2,yk
yl,yl
yl_0,YL
yl_1,yL
yl_2,Yl
ym_0,ym
ym_1,YM
ym_2,Ym
yn_0,yn
yn_1,Yn
yn_2,yN
yo_0,Yo
yo_1,yO
yo_2,yo
yp_0,yP
yp_1,yp
yp_2,Yp
yq_0,YQ
yq_1,yQ
yq_2,yq
yr_0,yr
yr_1,yR
yr_2,Yr
ys,ys
ys_0,yS
ys_1,YS
ys_2,Ys
yt_0,yT
yt_1,Yt
yt_2,yt
yu_0,yu
yu_1,yU
yu_2,Yu
yv_0,Yv
yv_1,yv
yv_2,YV
yw_0,Yw
yw_1,YW
yw_2,yw
yx_0,yx
yx_1,Yx
yx_2,YX
yy_0,Yy
yy_1,yy
yy_2,yY
yz_0,Yz
yz_1,yz
yz_2,YZ
zA,zA
zD,zD
zF,zF
zG,zG
zH,zH
zK,zK
zM,zM
zN,zN
zO,zO
zS,zS
zY,zY
zZ,zZ
z_0,z
za_0,Za
za_1,ZA
za_2,za
zb_0,ZB
zb_1,zB
zb_2,zb
zc_0,zC
zc_1,Zc
zc_2,zc
zd_0,zd
zd_1,ZD
zd_2,Zd
ze_0,zE
ze_1,ZE
ze_2,ze
zf_0,zf
zf_1,Zf
zf_2,ZF
zg_0,Zg
zg_1,ZG
zg_2,zg
zh_0,Zh
zh_1,ZH
zh_2,zh
zi_0,zI
zi_1,ZI
zi_2,zi
zj,zj
zj_0,zJ
zj_1,Zj
zj_2,ZJ
zk_0,zk
zk_1,ZK
zk_2,Zk
zl,zl
zl_0,Zl
zl_1,ZL
zl_2,zL
zm_0,ZM
zm_1,zm
zm_2,Zm
zn_0,ZN
zn_1,Zn
zn_2,zn
zo_0,ZO
zo_1,zo
zo_2,Zo
zp,zp
zp_0,Zp
zp_1,zP
zp_2,ZP
zq_0,zQ
zq_1,ZQ
zq_2,zq
zr,zr
zr_0,zR
zr_1,Zr
zr_2,ZR
zs_0,ZS
zs_1,Zs
zs_2,zs
zt_0,zt
zt_1,zT
zt_2,Zt
zu_0,zu
zu_1,zU
zu_2,ZU
zv,zv
zv_0,zV
zv_1,ZV
zv_2,Zv
zw,zw
zw_0,zW
zw_1,ZW
zw_2,Zw
zx,zx
zx_0,ZX
zx_1,zX
zx_2,Zx
zy_0,zy
zy_1,ZY
zy_2,Zy
zz_0,ZZ
zz_1,Zz
zz_2,zz
